CREATE DATABASE  IF NOT EXISTS `mm_cpsc502102team04` /*!40100 DEFAULT CHARACTER SET utf8mb4 COLLATE utf8mb4_0900_ai_ci */ /*!80016 DEFAULT ENCRYPTION='N' */;
USE `mm_cpsc502102team04`;
-- MySQL dump 10.13  Distrib 8.0.21, for macos10.15 (x86_64)
--
-- Host: 127.0.0.1    Database: mm_cpsc502102team04
-- ------------------------------------------------------
-- Server version	8.0.23

/*!40101 SET @OLD_CHARACTER_SET_CLIENT=@@CHARACTER_SET_CLIENT */;
/*!40101 SET @OLD_CHARACTER_SET_RESULTS=@@CHARACTER_SET_RESULTS */;
/*!40101 SET @OLD_COLLATION_CONNECTION=@@COLLATION_CONNECTION */;
/*!50503 SET NAMES utf8 */;
/*!40103 SET @OLD_TIME_ZONE=@@TIME_ZONE */;
/*!40103 SET TIME_ZONE='+00:00' */;
/*!40014 SET @OLD_UNIQUE_CHECKS=@@UNIQUE_CHECKS, UNIQUE_CHECKS=0 */;
/*!40014 SET @OLD_FOREIGN_KEY_CHECKS=@@FOREIGN_KEY_CHECKS, FOREIGN_KEY_CHECKS=0 */;
/*!40101 SET @OLD_SQL_MODE=@@SQL_MODE, SQL_MODE='NO_AUTO_VALUE_ON_ZERO' */;
/*!40111 SET @OLD_SQL_NOTES=@@SQL_NOTES, SQL_NOTES=0 */;

--
-- Table structure for table `Businesses`
--

DROP TABLE IF EXISTS `Businesses`;
/*!40101 SET @saved_cs_client     = @@character_set_client */;
/*!50503 SET character_set_client = utf8mb4 */;
CREATE TABLE `Businesses` (
  `business_id` int NOT NULL AUTO_INCREMENT,
  `total_cases` int DEFAULT NULL,
  `state_dep_health_state_id` int NOT NULL,
  `street` varchar(45) DEFAULT NULL,
  `city` varchar(45) DEFAULT NULL,
  `state` varchar(45) DEFAULT NULL,
  `zip_code` varchar(45) DEFAULT NULL,
  `business_name` varchar(100) DEFAULT NULL,
  PRIMARY KEY (`business_id`),
  KEY `fk_Businesses_State_Dep_Health1_idx` (`state_dep_health_state_id`),
  CONSTRAINT `fk_Businesses_State_Dep_Health1` FOREIGN KEY (`state_dep_health_state_id`) REFERENCES `State_Dep_Health` (`state_dep_health_state_id`)
) ENGINE=InnoDB AUTO_INCREMENT=51 DEFAULT CHARSET=utf8mb4 COLLATE=utf8mb4_0900_ai_ci;
/*!40101 SET character_set_client = @saved_cs_client */;

--
-- Dumping data for table `Businesses`
--

LOCK TABLES `Businesses` WRITE;
/*!40000 ALTER TABLE `Businesses` DISABLE KEYS */;
INSERT INTO `Businesses` VALUES (1,84,6,'6245 Stone Corner Center','Portland','Oregon','53706','Price Group'),(2,52,5,'32990 Algoma Crossing','Knoxville','Tennessee','74871','Ullrich, Walsh and Metz'),(3,28,1,'55570 Summerview Lane','New Orleans','Louisiana','72042','Rippin-Schroeder'),(4,87,8,'20861 Gerald Crossing','Atlanta','Georgia','96812','Bogan, Satterfield and Hodkiewicz'),(5,26,4,'02 Comanche Way','Anchorage','Alaska','59349','Hegmann-Glover'),(6,63,9,'47 Gerald Alley','Reno','Nevada','31753','Graham LLC'),(7,46,9,'378 Stone Corner Trail','Paterson','New Jersey','38290','Huels-Reilly'),(8,45,3,'0344 Golden Leaf Lane','Wichita','Kansas','22063','Zboncak-Greenfelder'),(9,15,9,'574 Vermont Pass','Macon','Georgia','82458','Russel Inc'),(10,84,1,'61481 Browning Avenue','Richmond','Virginia','90328','Kuhn and Sons'),(11,19,7,'914 Cherokee Court','Mobile','Alabama','35447','Harvey and Sons'),(12,67,3,'425 Jay Court','Washington','District of Columbia','89899','Hegmann, Fahey and Gorczany'),(13,67,8,'7 Golden Leaf Park','Torrance','California','66370','Lehner, Gutkowski and Hackett'),(14,72,8,'3 Miller Circle','Pittsburgh','Pennsylvania','80591','Reichel-Crona'),(15,34,1,'9 Warner Junction','Edmond','Oklahoma','60409','Lockman, Sipes and Rutherford'),(16,62,5,'601 Cody Parkway','New Orleans','Louisiana','05610','Padberg-Kutch'),(17,65,4,'200 Nancy Drive','Jacksonville','Florida','60146','Heathcote-Padberg'),(18,81,7,'62 Carberry Street','Washington','District of Columbia','14524','O\'Reilly, Pouros and Marquardt'),(19,57,5,'2916 David Plaza','San Angelo','Texas','53246','Haley Inc'),(20,9,9,'332 Crowley Court','Brooklyn','New York','43642','Carroll-Jakubowski'),(21,14,8,'7 Kings Alley','Long Beach','California','28789','Gulgowski-Collins'),(22,61,3,'9 Moulton Crossing','Newport Beach','California','27106','Jacobs-Collier'),(23,83,9,'40 Acker Parkway','Scranton','Pennsylvania','97060','Bernier-Morissette'),(24,38,2,'2 Chinook Plaza','Newark','New Jersey','47693','Farrell-Murray'),(25,85,6,'06 Towne Park','Austin','Texas','13196','Mueller-Cremin'),(26,45,3,'9 Namekagon Crossing','San Bernardino','California','13588','Abbott LLC'),(27,91,4,'07333 Spenser Pass','Boulder','Colorado','75433','Murray, Reichert and Weber'),(28,39,9,'37 Goodland Hill','Hayward','California','87612','Prohaska and Sons'),(29,32,4,'74 Ramsey Court','Los Angeles','California','03789','Ernser, Crist and Hauck'),(30,40,2,'31684 Amoth Road','Detroit','Michigan','75021','Lindgren, Homenick and Greenfelder'),(31,50,8,'52260 Carberry Crossing','Seattle','Washington','32748','Hamill Inc'),(32,49,10,'616 Fisk Hill','Norfolk','Virginia','67522','Herzog Group'),(33,14,5,'6 Marcy Parkway','Salt Lake City','Utah','55314','Schmitt Inc'),(34,42,5,'46904 Valley Edge Park','Odessa','Texas','08192','Donnelly Inc'),(35,18,5,'84 Fordem Trail','Dayton','Ohio','29317','Herman Group'),(36,58,10,'6 Northport Drive','Richmond','Virginia','06875','Dibbert Inc'),(37,74,4,'422 Pearson Court','New York City','New York','91055','King and Sons'),(38,77,5,'18 Pepper Wood Alley','Appleton','Wisconsin','65051','Kertzmann, Pfannerstill and Marks'),(39,72,7,'3 West Circle','Madison','Wisconsin','68308','Treutel LLC'),(40,19,6,'2 International Park','Houston','Texas','25395','Kub LLC'),(41,48,7,'94837 Anzinger Place','San Antonio','Texas','82105','Kunde, Runolfsdottir and Jones'),(42,15,2,'4389 Merrick Alley','Greensboro','North Carolina','50231','Bergstrom Group'),(43,31,7,'63 Anhalt Plaza','Saginaw','Michigan','13324','Cartwright Inc'),(44,39,6,'756 Muir Parkway','Memphis','Tennessee','81063','Gibson-Lemke'),(45,13,4,'8945 Bluestem Plaza','Huntington','West Virginia','87886','Gutkowski, Jenkins and Maggio'),(46,10,2,'2034 Utah Place','Indianapolis','Indiana','94363','Fay, Oberbrunner and Hudson'),(47,77,2,'5 Doe Crossing Crossing','Birmingham','Alabama','43870','Kautzer Inc'),(48,19,2,'992 Dorton Lane','Pittsburgh','Pennsylvania','13731','O\'Hara and Sons'),(49,34,6,'82 Darwin Terrace','Minneapolis','Minnesota','04108','Deckow Group'),(50,42,9,'96182 Northport Park','Charleston','West Virginia','52083','Jenkins LLC');
/*!40000 ALTER TABLE `Businesses` ENABLE KEYS */;
UNLOCK TABLES;

--
-- Table structure for table `Cases`
--

DROP TABLE IF EXISTS `Cases`;
/*!40101 SET @saved_cs_client     = @@character_set_client */;
/*!50503 SET character_set_client = utf8mb4 */;
CREATE TABLE `Cases` (
  `case_id` int NOT NULL AUTO_INCREMENT,
  `hospital_id` int DEFAULT NULL,
  `treatment_method_id` int DEFAULT NULL,
  `status` varchar(45) DEFAULT NULL,
  `date_diagnosed` date DEFAULT NULL,
  `state_dep_health_state_id` int NOT NULL,
  `people_id` int NOT NULL,
  PRIMARY KEY (`case_id`,`people_id`),
  KEY `hosptial_id_idx` (`hospital_id`) /*!80000 INVISIBLE */,
  KEY `fk_case_State_Dep_Health1_idx` (`state_dep_health_state_id`),
  KEY `treatment_method_id_idx` (`treatment_method_id`),
  KEY `fk_Cases_People1_idx` (`people_id`),
  CONSTRAINT `fk_case_State_Dep_Health1` FOREIGN KEY (`state_dep_health_state_id`) REFERENCES `State_Dep_Health` (`state_dep_health_state_id`),
  CONSTRAINT `fk_Cases_People1` FOREIGN KEY (`people_id`) REFERENCES `People` (`people_id`),
  CONSTRAINT `hosptial_id` FOREIGN KEY (`hospital_id`) REFERENCES `Hospitals` (`hospital_id`),
  CONSTRAINT `treatment_method_id` FOREIGN KEY (`treatment_method_id`) REFERENCES `Treatments` (`treatment_method_id`)
) ENGINE=InnoDB AUTO_INCREMENT=51 DEFAULT CHARSET=utf8mb4 COLLATE=utf8mb4_0900_ai_ci;
/*!40101 SET character_set_client = @saved_cs_client */;

--
-- Dumping data for table `Cases`
--

LOCK TABLES `Cases` WRITE;
/*!40000 ALTER TABLE `Cases` DISABLE KEYS */;
INSERT INTO `Cases` VALUES (1,46,98,'deceased','2020-04-29',3,4),(2,28,5,'deceased','2020-05-29',7,8),(3,1,53,'recovered','2020-07-22',2,12),(4,38,68,'recovered','2020-07-04',1,16),(5,5,149,'recovered','2020-06-27',9,20),(6,7,5,'active','2020-08-14',2,24),(7,46,22,'recovered','2020-05-07',4,28),(8,13,139,'active','2020-08-15',6,32),(9,9,156,'deceased','2020-09-29',4,36),(10,42,79,'deceased','2020-03-28',9,40),(11,10,40,'recovered','2020-05-31',4,44),(12,32,11,'active','2020-03-28',1,48),(13,45,37,'recovered','2020-09-10',2,52),(14,22,28,'active','2020-09-13',1,56),(15,3,100,'recovered','2020-04-25',5,60),(16,19,48,'active','2020-05-30',6,64),(17,8,103,'recovered','2020-04-10',10,68),(18,42,12,'deceased','2020-04-01',9,72),(19,12,69,'recovered','2020-03-18',8,76),(20,47,45,'active','2020-07-07',6,80),(21,20,53,'recovered','2020-05-18',4,84),(22,23,15,'recovered','2020-04-14',5,88),(23,31,118,'recovered','2020-08-22',2,92),(24,24,95,'active','2020-03-23',10,96),(25,35,158,'recovered','2020-04-05',4,100),(26,30,56,'active','2020-09-21',8,104),(27,42,46,'deceased','2020-06-20',3,108),(28,17,113,'active','2020-06-30',9,112),(29,44,174,'recovered','2020-10-21',10,116),(30,29,168,'active','2020-10-12',9,120),(31,7,167,'recovered','2020-04-11',3,124),(32,1,129,'active','2020-03-31',7,128),(33,45,162,'recovered','2020-06-06',9,132),(34,47,143,'active','2020-10-05',4,136),(35,45,56,'recovered','2020-09-16',7,140),(36,5,81,'deceased','2020-09-15',2,144),(37,7,51,'recovered','2020-04-12',5,148),(38,12,76,'active','2020-08-18',9,152),(39,34,174,'recovered','2020-08-20',5,156),(40,40,138,'active','2020-04-19',7,160),(41,20,171,'recovered','2020-03-30',10,164),(42,45,138,'active','2020-08-08',5,168),(43,11,104,'recovered','2020-04-30',6,172),(44,5,31,'active','2020-03-15',1,176),(45,48,79,'deceased','2020-03-23',2,180),(46,37,69,'active','2020-07-11',1,184),(47,36,61,'recovered','2020-06-14',4,188),(48,47,40,'active','2020-10-09',4,192),(49,24,12,'recovered','2020-08-18',9,196),(50,37,194,'active','2020-07-12',6,200);
/*!40000 ALTER TABLE `Cases` ENABLE KEYS */;
UNLOCK TABLES;

--
-- Table structure for table `Checkins`
--

DROP TABLE IF EXISTS `Checkins`;
/*!40101 SET @saved_cs_client     = @@character_set_client */;
/*!50503 SET character_set_client = utf8mb4 */;
CREATE TABLE `Checkins` (
  `checkins_id` int NOT NULL AUTO_INCREMENT,
  `people_id` int NOT NULL,
  `business_id` int NOT NULL,
  `checkin_date` datetime DEFAULT NULL,
  PRIMARY KEY (`checkins_id`,`business_id`,`people_id`),
  KEY `fk_People_has_Businesses_Businesses1_idx` (`business_id`),
  KEY `fk_People_has_Businesses_People1_idx` (`people_id`),
  CONSTRAINT `fk_People_has_Businesses_Businesses1` FOREIGN KEY (`business_id`) REFERENCES `Businesses` (`business_id`),
  CONSTRAINT `fk_People_has_Businesses_People1` FOREIGN KEY (`people_id`) REFERENCES `People` (`people_id`)
) ENGINE=InnoDB AUTO_INCREMENT=612 DEFAULT CHARSET=utf8mb4 COLLATE=utf8mb4_0900_ai_ci;
/*!40101 SET character_set_client = @saved_cs_client */;

--
-- Dumping data for table `Checkins`
--

LOCK TABLES `Checkins` WRITE;
/*!40000 ALTER TABLE `Checkins` DISABLE KEYS */;
INSERT INTO `Checkins` VALUES (1,107,6,'2020-09-30 13:55:35'),(2,137,40,'2020-04-21 22:17:01'),(3,71,19,'2020-05-25 08:47:59'),(4,4,23,'2020-05-25 06:22:35'),(5,62,29,'2020-09-03 20:59:51'),(6,100,15,'2020-04-01 23:37:41'),(7,84,30,'2020-03-28 13:08:28'),(8,139,48,'2020-07-30 17:39:16'),(9,10,35,'2020-06-17 18:34:23'),(10,70,29,'2020-07-01 03:31:26'),(11,54,26,'2020-07-22 12:05:40'),(12,43,25,'2020-04-13 13:37:50'),(13,93,44,'2020-09-23 21:31:36'),(14,90,29,'2020-06-09 06:51:29'),(15,132,47,'2020-03-22 06:40:47'),(16,32,6,'2020-09-13 08:23:31'),(17,186,6,'2020-05-16 20:31:23'),(18,131,20,'2020-05-08 03:57:18'),(19,180,38,'2020-04-01 07:47:48'),(20,10,28,'2020-06-05 22:44:01'),(21,125,17,'2020-04-11 17:03:04'),(22,31,46,'2020-03-25 17:37:07'),(23,92,23,'2020-06-18 03:15:03'),(24,185,1,'2020-09-26 03:43:58'),(25,177,18,'2020-06-15 10:05:13'),(26,62,2,'2020-05-12 18:40:37'),(27,156,3,'2020-06-07 00:40:51'),(28,185,17,'2020-09-22 18:57:48'),(29,79,47,'2020-03-26 23:09:20'),(30,122,8,'2020-07-01 10:47:16'),(31,195,29,'2020-07-14 22:18:27'),(32,45,26,'2020-06-14 13:30:13'),(33,30,22,'2020-04-21 05:49:45'),(34,150,28,'2020-09-27 20:55:19'),(35,174,42,'2020-08-16 17:53:36'),(36,18,21,'2020-10-15 10:50:46'),(37,54,27,'2020-08-22 00:33:02'),(38,199,13,'2020-08-21 08:23:03'),(39,52,41,'2020-09-11 21:45:53'),(40,117,13,'2020-03-19 18:37:47'),(41,19,50,'2020-08-22 14:49:13'),(42,52,1,'2020-08-05 19:15:19'),(43,1,21,'2020-05-03 23:36:56'),(44,105,14,'2020-05-15 20:15:26'),(45,97,15,'2020-08-09 17:49:01'),(46,146,24,'2020-07-10 03:06:33'),(47,67,45,'2020-07-17 16:03:05'),(48,195,35,'2020-06-17 09:45:46'),(49,193,5,'2020-10-10 15:07:46'),(50,7,12,'2020-08-26 23:08:34'),(51,143,7,'2020-09-13 12:36:40'),(52,19,16,'2020-03-26 22:08:12'),(53,143,46,'2020-04-19 23:35:22'),(54,187,7,'2020-04-17 17:40:32'),(55,189,17,'2020-09-09 21:22:11'),(56,193,34,'2020-05-08 07:33:55'),(57,72,29,'2020-07-08 07:03:10'),(58,101,45,'2020-04-21 16:43:39'),(59,134,28,'2020-05-15 09:19:48'),(60,176,1,'2020-09-04 04:23:57'),(61,165,49,'2020-03-16 21:43:43'),(62,59,45,'2020-07-19 09:54:25'),(63,152,32,'2020-09-16 02:06:44'),(64,90,22,'2020-07-11 01:37:19'),(65,15,4,'2020-10-02 07:35:47'),(66,156,34,'2020-04-24 18:49:10'),(67,118,39,'2020-10-19 12:31:56'),(68,27,6,'2020-07-27 16:32:42'),(69,179,32,'2020-06-08 19:53:20'),(70,12,16,'2020-07-05 06:22:10'),(71,182,21,'2020-10-01 18:55:02'),(72,28,8,'2020-05-24 21:05:06'),(73,18,39,'2020-05-24 07:16:22'),(74,173,30,'2020-07-24 11:53:31'),(75,134,28,'2020-03-28 00:51:29'),(76,45,41,'2020-07-20 01:32:53'),(77,118,47,'2020-05-18 10:59:52'),(78,68,24,'2020-07-28 08:56:04'),(79,192,28,'2020-06-17 10:40:35'),(80,72,36,'2020-09-19 21:08:08'),(81,35,36,'2020-10-03 07:35:52'),(82,4,23,'2020-08-30 07:14:53'),(83,117,40,'2020-07-08 23:37:32'),(84,93,8,'2020-03-29 23:44:08'),(85,134,48,'2020-06-01 03:21:26'),(86,84,12,'2020-09-25 19:05:22'),(87,63,37,'2020-05-19 12:38:58'),(88,42,27,'2020-04-11 14:54:08'),(89,68,41,'2020-09-08 15:05:44'),(90,46,24,'2020-08-03 21:54:55'),(91,80,10,'2020-07-13 11:13:55'),(92,127,34,'2020-05-16 01:46:13'),(93,120,17,'2020-06-11 07:23:08'),(94,86,50,'2020-07-10 05:09:16'),(95,151,26,'2020-06-25 03:12:28'),(96,32,47,'2020-07-09 04:55:06'),(97,38,40,'2020-05-10 22:38:43'),(98,20,9,'2020-07-16 17:26:37'),(99,179,20,'2020-04-08 18:24:11'),(100,36,21,'2020-04-15 08:02:58'),(101,56,37,'2020-08-13 16:35:21'),(102,34,2,'2020-06-18 17:45:35'),(103,128,12,'2020-10-19 07:00:08'),(104,113,45,'2020-04-05 08:19:34'),(105,119,24,'2020-05-27 19:47:12'),(106,88,38,'2020-03-22 21:25:32'),(107,15,6,'2020-04-19 23:46:41'),(108,94,35,'2020-05-01 20:08:12'),(109,15,23,'2020-08-16 23:31:12'),(110,38,26,'2020-06-04 08:18:47'),(111,185,36,'2020-10-07 04:00:47'),(112,112,32,'2020-06-09 19:26:22'),(113,141,20,'2020-07-20 19:40:02'),(114,38,24,'2020-08-22 16:35:46'),(115,195,4,'2020-10-12 04:21:36'),(116,148,45,'2020-05-16 14:46:46'),(117,147,50,'2020-07-14 05:31:15'),(118,53,17,'2020-08-24 16:23:05'),(119,148,44,'2020-08-30 03:14:33'),(120,182,31,'2020-06-01 18:45:43'),(121,190,45,'2020-03-31 08:37:29'),(122,91,48,'2020-04-25 12:08:24'),(123,28,44,'2020-10-01 13:47:44'),(124,36,29,'2020-06-30 20:05:08'),(125,198,17,'2020-04-09 12:38:00'),(126,51,11,'2020-05-11 06:35:16'),(127,95,38,'2020-07-31 20:26:05'),(128,188,9,'2020-04-04 06:07:40'),(129,13,33,'2020-08-04 12:11:13'),(130,140,37,'2020-07-18 13:19:32'),(131,105,1,'2020-06-22 04:45:45'),(132,112,20,'2020-10-14 12:57:28'),(133,184,17,'2020-06-03 05:37:50'),(134,17,22,'2020-06-15 12:59:10'),(135,132,46,'2020-04-03 22:38:38'),(136,167,6,'2020-10-05 18:33:31'),(137,64,42,'2020-07-02 06:09:40'),(138,133,30,'2020-08-04 04:32:17'),(139,35,33,'2020-04-17 02:08:45'),(140,81,4,'2020-07-06 19:10:15'),(141,12,5,'2020-10-04 01:38:17'),(142,117,8,'2020-09-29 01:41:21'),(143,153,17,'2020-04-03 07:08:10'),(144,165,4,'2020-07-14 13:59:09'),(145,47,18,'2020-08-16 10:21:20'),(146,19,18,'2020-07-28 23:19:40'),(147,32,29,'2020-09-24 06:25:16'),(148,75,49,'2020-07-07 04:47:05'),(149,186,18,'2020-04-20 05:32:20'),(150,187,48,'2020-06-21 04:40:37'),(151,23,43,'2020-04-04 07:11:34'),(152,45,30,'2020-06-29 07:24:46'),(153,124,11,'2020-04-15 01:12:50'),(154,155,37,'2020-07-11 21:50:42'),(155,162,11,'2020-06-12 01:27:20'),(156,155,45,'2020-06-03 10:36:49'),(157,60,28,'2020-04-20 18:41:15'),(158,1,45,'2020-05-25 11:56:16'),(159,47,41,'2020-07-25 08:11:09'),(160,154,27,'2020-09-16 09:37:55'),(161,92,19,'2020-07-20 23:33:47'),(162,72,29,'2020-06-22 17:19:02'),(163,182,27,'2020-04-17 09:27:57'),(164,113,30,'2020-06-28 23:25:42'),(165,94,17,'2020-06-06 17:16:54'),(166,68,11,'2020-06-02 05:18:46'),(167,16,31,'2020-06-25 19:40:41'),(168,135,36,'2020-07-14 22:44:26'),(169,84,37,'2020-09-30 15:06:23'),(170,189,10,'2020-07-05 14:26:26'),(171,142,27,'2020-06-23 07:48:19'),(172,62,36,'2020-06-04 23:22:06'),(173,53,46,'2020-05-08 12:28:11'),(174,173,32,'2020-06-15 08:42:46'),(175,141,8,'2020-03-28 13:13:20'),(176,75,27,'2020-07-21 01:30:50'),(177,169,40,'2020-06-27 00:27:20'),(178,76,8,'2020-05-21 10:18:01'),(179,194,45,'2020-05-22 23:09:31'),(180,28,21,'2020-05-03 04:33:42'),(181,161,17,'2020-09-05 06:18:02'),(182,164,22,'2020-10-10 06:15:34'),(183,179,46,'2020-07-02 01:18:47'),(184,149,27,'2020-06-29 15:42:37'),(185,173,17,'2020-09-03 03:37:00'),(186,31,16,'2020-05-09 20:09:55'),(187,75,39,'2020-06-27 09:44:49'),(188,62,15,'2020-10-21 07:03:51'),(189,52,9,'2020-10-09 06:14:30'),(190,187,42,'2020-04-23 04:21:17'),(191,170,17,'2020-06-29 07:15:23'),(192,85,4,'2020-06-15 12:35:26'),(193,136,28,'2020-09-11 05:29:57'),(194,167,21,'2020-06-26 03:30:28'),(195,2,35,'2020-06-21 05:34:22'),(196,32,2,'2020-08-12 03:22:46'),(197,51,24,'2020-04-24 19:24:41'),(198,48,44,'2020-10-07 02:26:32'),(199,132,30,'2020-03-27 20:48:07'),(200,165,45,'2020-09-14 07:37:50'),(201,86,12,'2020-07-08 01:29:55'),(202,74,32,'2020-06-08 02:54:03'),(203,99,9,'2020-05-27 22:30:36'),(204,80,3,'2020-08-08 08:02:08'),(205,187,44,'2020-07-19 04:14:09'),(206,95,30,'2020-08-06 10:01:29'),(207,151,26,'2020-06-17 16:11:28'),(208,127,8,'2020-06-03 21:50:34'),(209,55,12,'2020-04-08 05:42:03'),(210,16,28,'2020-08-24 08:36:59'),(211,66,7,'2020-05-29 02:03:08'),(212,169,24,'2020-09-09 04:24:28'),(213,46,6,'2020-05-19 11:12:32'),(214,189,1,'2020-03-25 11:14:28'),(215,99,11,'2020-05-30 08:20:54'),(216,38,43,'2020-03-27 13:32:01'),(217,181,29,'2020-06-16 23:07:44'),(218,74,32,'2020-09-04 14:51:59'),(219,117,41,'2020-09-25 16:42:55'),(220,16,24,'2020-06-25 19:38:33'),(221,170,29,'2020-04-17 03:31:45'),(222,149,41,'2020-07-09 07:24:42'),(223,165,28,'2020-04-12 15:45:06'),(224,32,47,'2020-08-22 11:28:31'),(225,106,34,'2020-07-29 02:55:56'),(226,145,17,'2020-09-09 15:43:54'),(227,85,29,'2020-04-29 15:55:44'),(228,195,18,'2020-03-22 01:18:58'),(229,133,35,'2020-05-01 15:57:17'),(230,149,47,'2020-09-25 16:14:56'),(231,106,31,'2020-05-05 14:20:39'),(232,168,4,'2020-04-30 17:54:30'),(233,133,21,'2020-07-03 01:30:45'),(234,43,24,'2020-09-07 21:48:52'),(235,192,29,'2020-06-21 15:04:26'),(236,67,43,'2020-07-27 03:32:45'),(237,77,12,'2020-05-04 00:42:45'),(238,89,37,'2020-09-22 22:04:22'),(239,148,29,'2020-06-20 17:13:04'),(240,172,26,'2020-07-13 20:07:25'),(241,71,18,'2020-07-22 04:45:43'),(242,46,43,'2020-06-25 15:11:33'),(243,118,18,'2020-06-07 19:41:10'),(244,65,10,'2020-07-20 01:21:02'),(245,99,36,'2020-05-06 17:57:10'),(246,63,8,'2020-09-23 15:22:52'),(247,162,47,'2020-09-19 13:40:23'),(248,145,50,'2020-10-09 18:29:40'),(249,46,7,'2020-07-19 22:13:50'),(250,91,13,'2020-07-26 13:58:41'),(251,109,34,'2020-10-21 10:58:32'),(252,72,42,'2020-06-15 15:42:35'),(253,105,4,'2020-09-19 10:22:30'),(254,91,13,'2020-10-11 21:24:18'),(255,16,11,'2020-05-08 11:53:35'),(256,70,19,'2020-09-06 05:13:11'),(257,44,34,'2020-08-19 20:08:48'),(258,112,16,'2020-07-03 22:53:40'),(259,134,3,'2020-08-17 17:50:32'),(260,147,34,'2020-04-02 03:50:44'),(261,50,13,'2020-09-19 13:26:14'),(262,117,50,'2020-04-09 00:03:56'),(263,36,2,'2020-07-15 23:48:03'),(264,85,10,'2020-04-21 04:48:44'),(265,81,22,'2020-05-22 17:27:11'),(266,152,27,'2020-06-04 21:03:17'),(267,78,42,'2020-07-30 12:09:57'),(268,58,14,'2020-09-06 09:25:51'),(269,43,47,'2020-06-27 13:36:21'),(270,63,43,'2020-08-29 01:20:06'),(271,172,45,'2020-04-10 12:58:31'),(272,18,21,'2020-10-03 01:27:58'),(273,51,11,'2020-10-09 02:55:32'),(274,35,20,'2020-07-30 14:40:38'),(275,94,37,'2020-05-27 02:32:00'),(276,123,9,'2020-06-21 15:17:47'),(277,144,24,'2020-06-19 15:46:34'),(278,14,28,'2020-04-24 18:23:24'),(279,161,36,'2020-08-15 04:15:25'),(280,163,19,'2020-08-27 08:23:12'),(281,103,13,'2020-10-15 00:46:12'),(282,162,44,'2020-06-05 09:15:28'),(283,146,11,'2020-07-20 04:06:19'),(284,79,27,'2020-08-08 14:22:07'),(285,9,21,'2020-07-06 02:02:37'),(286,8,30,'2020-08-15 04:47:54'),(287,199,22,'2020-09-07 00:02:32'),(288,80,38,'2020-05-10 04:36:45'),(289,102,44,'2020-08-22 23:51:14'),(290,39,34,'2020-07-23 08:31:23'),(291,51,13,'2020-05-04 11:40:32'),(292,139,5,'2020-09-02 19:48:22'),(293,154,24,'2020-09-13 07:20:27'),(294,155,14,'2020-04-09 00:35:34'),(295,18,32,'2020-08-24 21:50:14'),(296,60,19,'2020-05-17 21:47:00'),(297,126,44,'2020-07-06 15:13:43'),(298,168,47,'2020-09-30 14:04:42'),(299,165,36,'2020-04-04 02:30:48'),(300,125,46,'2020-05-07 18:08:21'),(301,150,32,'2020-07-06 02:10:12'),(302,97,16,'2020-04-28 13:32:59'),(303,187,40,'2020-05-29 13:15:48'),(304,26,18,'2020-10-15 14:45:13'),(305,112,49,'2020-05-29 13:43:31'),(306,96,46,'2020-04-17 16:17:24'),(307,114,30,'2020-10-12 11:40:08'),(308,23,19,'2020-08-18 03:14:57'),(309,45,45,'2020-10-21 21:22:04'),(310,67,24,'2020-10-08 07:41:50'),(311,123,50,'2020-04-30 10:46:16'),(312,132,3,'2020-08-19 10:34:34'),(313,86,28,'2020-08-05 18:58:19'),(314,22,8,'2020-06-03 00:23:29'),(315,161,24,'2020-05-01 03:57:02'),(316,22,14,'2020-06-18 01:12:22'),(317,156,7,'2020-07-04 23:34:38'),(318,183,26,'2020-08-01 15:28:37'),(319,162,22,'2020-07-09 23:57:18'),(320,135,23,'2020-04-10 18:12:07'),(321,142,14,'2020-10-16 13:35:43'),(322,5,13,'2020-09-07 07:26:46'),(323,111,30,'2020-06-22 04:56:59'),(324,85,26,'2020-05-30 13:01:56'),(325,9,25,'2020-05-28 20:19:10'),(326,87,43,'2020-04-11 08:27:04'),(327,199,46,'2020-04-27 23:58:04'),(328,186,26,'2020-08-08 03:45:35'),(329,34,47,'2020-07-17 14:44:16'),(330,144,19,'2020-06-09 18:27:35'),(331,149,44,'2020-05-09 22:03:37'),(332,168,18,'2020-04-10 15:37:44'),(333,24,35,'2020-10-13 12:38:56'),(334,104,35,'2020-06-24 07:43:40'),(335,149,38,'2020-09-11 14:42:52'),(336,200,6,'2020-10-05 10:03:24'),(337,44,3,'2020-09-28 00:32:20'),(338,49,47,'2020-09-13 12:14:24'),(339,13,1,'2020-06-07 19:17:18'),(340,23,20,'2020-03-22 08:14:41'),(341,6,1,'2020-09-16 08:47:41'),(342,55,50,'2020-09-21 21:38:10'),(343,40,44,'2020-09-05 08:43:21'),(344,67,15,'2020-05-23 21:54:30'),(345,107,25,'2020-05-04 21:08:53'),(346,16,39,'2020-04-25 14:00:24'),(347,51,41,'2020-08-14 05:10:46'),(348,23,34,'2020-06-18 07:38:36'),(349,70,35,'2020-05-22 19:47:39'),(350,71,4,'2020-08-20 04:51:26'),(351,113,36,'2020-06-23 10:28:20'),(352,116,43,'2020-05-04 22:35:44'),(353,117,15,'2020-08-09 18:36:45'),(354,140,12,'2020-09-24 00:24:49'),(355,98,20,'2020-08-29 02:47:32'),(356,83,14,'2020-07-22 13:16:40'),(357,138,36,'2020-05-06 14:40:14'),(358,136,32,'2020-08-14 19:36:50'),(359,161,44,'2020-03-25 12:26:20'),(360,64,1,'2020-05-02 10:14:28'),(361,116,22,'2020-04-23 02:36:05'),(362,85,18,'2020-03-20 12:01:54'),(363,166,27,'2020-05-15 05:23:31'),(364,45,24,'2020-08-23 22:00:25'),(365,62,44,'2020-03-24 07:58:59'),(366,150,7,'2020-06-18 02:13:04'),(367,23,13,'2020-04-28 20:18:08'),(368,108,10,'2020-04-30 00:14:59'),(369,176,5,'2020-06-13 22:42:24'),(370,197,37,'2020-08-07 08:09:17'),(371,86,50,'2020-04-13 14:53:30'),(372,13,4,'2020-05-30 04:35:26'),(373,95,1,'2020-09-23 14:12:10'),(374,26,27,'2020-05-14 07:41:15'),(375,41,25,'2020-04-28 23:45:06'),(376,16,8,'2020-07-06 23:03:50'),(377,130,38,'2020-08-09 23:08:47'),(378,136,37,'2020-04-16 21:39:03'),(379,137,41,'2020-08-13 10:01:50'),(380,19,9,'2020-09-11 19:42:36'),(381,110,3,'2020-07-05 08:14:05'),(382,110,7,'2020-09-16 15:59:15'),(383,189,19,'2020-06-02 16:09:26'),(384,136,5,'2020-10-04 15:54:42'),(385,154,32,'2020-04-02 11:01:32'),(386,186,33,'2020-05-20 17:10:55'),(387,4,38,'2020-08-27 13:06:05'),(388,18,8,'2020-04-04 04:50:21'),(389,27,13,'2020-05-12 22:46:04'),(390,152,38,'2020-04-05 23:31:45'),(391,129,2,'2020-06-16 23:58:46'),(392,111,39,'2020-07-14 08:57:23'),(393,176,33,'2020-04-26 21:56:13'),(394,142,47,'2020-09-19 11:17:02'),(395,114,42,'2020-07-03 21:14:06'),(396,96,10,'2020-10-17 08:36:17'),(397,10,37,'2020-06-17 01:27:48'),(398,79,50,'2020-07-07 00:56:26'),(399,128,36,'2020-09-20 23:46:58'),(400,102,22,'2020-05-29 04:10:15'),(401,85,40,'2020-08-12 15:51:41'),(402,142,24,'2020-07-11 18:04:24'),(403,129,34,'2020-10-08 20:49:38'),(404,30,22,'2020-04-16 06:31:41'),(405,154,18,'2020-10-03 23:22:20'),(406,185,10,'2020-04-03 07:02:05'),(407,131,21,'2020-08-02 22:12:49'),(408,199,24,'2020-05-12 19:00:47'),(409,189,29,'2020-10-02 01:08:34'),(410,88,20,'2020-10-15 09:52:01'),(411,93,44,'2020-08-13 14:21:24'),(412,86,50,'2020-03-22 00:09:33'),(413,62,32,'2020-06-04 17:52:46'),(414,63,13,'2020-04-18 15:28:14'),(415,138,35,'2020-04-27 00:32:16'),(416,182,31,'2020-09-18 04:01:41'),(417,159,8,'2020-04-03 07:31:15'),(418,151,46,'2020-03-31 16:24:10'),(419,151,7,'2020-09-21 05:53:03'),(420,44,49,'2020-10-01 08:15:16'),(421,138,22,'2020-04-02 08:31:22'),(422,150,9,'2020-09-29 16:16:49'),(423,71,41,'2020-08-10 17:48:36'),(424,4,33,'2020-07-16 16:22:53'),(425,78,21,'2020-03-19 12:47:04'),(426,109,45,'2020-09-13 12:57:16'),(427,127,49,'2020-09-14 03:24:23'),(428,72,36,'2020-07-11 00:23:28'),(429,70,40,'2020-07-19 21:43:37'),(430,76,29,'2020-10-20 01:03:26'),(431,200,4,'2020-05-18 21:35:34'),(432,145,4,'2020-05-02 09:26:07'),(433,20,24,'2020-09-14 05:44:38'),(434,38,43,'2020-07-11 20:14:24'),(435,90,11,'2020-08-04 06:39:58'),(436,140,46,'2020-05-02 13:36:26'),(437,178,7,'2020-04-13 15:49:17'),(438,182,3,'2020-08-06 11:40:49'),(439,48,29,'2020-07-13 05:16:09'),(440,113,41,'2020-10-04 19:59:21'),(441,50,48,'2020-06-09 15:01:30'),(442,170,25,'2020-10-11 07:36:06'),(443,21,44,'2020-06-20 05:01:14'),(444,197,34,'2020-10-02 02:34:24'),(445,194,13,'2020-10-19 09:31:49'),(446,147,32,'2020-09-08 20:28:36'),(447,54,46,'2020-05-17 17:51:59'),(448,115,40,'2020-10-01 20:54:38'),(449,50,47,'2020-09-11 03:01:08'),(450,153,9,'2020-06-30 18:37:19'),(451,155,44,'2020-03-20 21:14:21'),(452,198,14,'2020-10-08 00:07:54'),(453,156,24,'2020-08-31 21:59:03'),(454,123,21,'2020-09-10 19:43:03'),(455,147,18,'2020-10-15 02:54:41'),(456,63,15,'2020-07-02 14:23:08'),(457,21,2,'2020-08-03 06:18:58'),(458,63,15,'2020-07-15 16:03:56'),(459,68,40,'2020-07-02 01:54:35'),(460,56,6,'2020-09-13 04:09:27'),(461,80,7,'2020-10-06 09:44:10'),(462,51,39,'2020-09-04 10:24:28'),(463,187,8,'2020-06-02 09:45:54'),(464,114,19,'2020-08-31 15:25:24'),(465,7,31,'2020-05-14 11:23:56'),(466,64,9,'2020-04-29 20:19:44'),(467,136,38,'2020-08-16 09:59:43'),(468,49,34,'2020-08-29 13:15:36'),(469,11,3,'2020-06-27 14:26:54'),(470,72,31,'2020-03-18 15:46:16'),(471,12,12,'2020-09-19 15:36:29'),(472,147,16,'2020-09-26 22:30:06'),(473,180,31,'2020-08-29 03:49:58'),(474,22,24,'2020-10-01 02:35:01'),(475,179,25,'2020-06-04 15:14:28'),(476,189,36,'2020-04-01 03:53:30'),(477,50,44,'2020-04-09 13:18:31'),(478,19,13,'2020-10-05 20:28:27'),(479,46,27,'2020-07-18 03:36:25'),(480,185,27,'2020-07-17 11:19:00'),(481,186,27,'2020-07-29 08:25:03'),(482,101,34,'2020-10-01 01:12:55'),(483,185,28,'2020-09-23 19:01:22'),(484,22,47,'2020-07-30 09:43:11'),(485,63,15,'2020-06-06 21:37:42'),(486,50,25,'2020-08-20 04:49:35'),(487,47,2,'2020-05-20 20:49:35'),(488,73,15,'2020-10-08 00:21:43'),(489,40,25,'2020-08-30 06:01:17'),(490,155,35,'2020-05-18 22:55:32'),(491,43,43,'2020-07-29 00:34:31'),(492,137,6,'2020-04-23 04:43:25'),(493,151,32,'2020-03-22 10:42:42'),(494,81,7,'2020-10-16 09:09:40'),(495,46,33,'2020-07-12 13:29:46'),(496,119,13,'2020-09-11 09:02:46'),(497,67,28,'2020-09-03 07:16:19'),(498,122,50,'2020-06-06 07:37:40'),(499,6,27,'2020-09-28 18:01:23'),(500,155,22,'2020-07-06 16:02:19'),(600,150,6,'2020-10-05 00:00:00'),(602,16,4,'2020-05-13 00:00:00'),(602,6,6,'2020-03-21 00:00:00'),(603,1,2,'2020-08-22 12:03:05'),(604,6,6,'2020-10-20 00:00:00'),(605,19,6,'2020-11-20 00:00:00'),(606,1,2,'2020-11-16 11:11:11'),(607,1,2,'2020-09-12 00:00:00'),(608,1,1,'2020-11-16 11:11:11'),(609,1,2,'2020-11-16 00:00:00'),(610,1,2,'2020-11-16 00:00:00');
/*!40000 ALTER TABLE `Checkins` ENABLE KEYS */;
UNLOCK TABLES;

--
-- Table structure for table `hibernate_sequence`
--

DROP TABLE IF EXISTS `hibernate_sequence`;
/*!40101 SET @saved_cs_client     = @@character_set_client */;
/*!50503 SET character_set_client = utf8mb4 */;
CREATE TABLE `hibernate_sequence` (
  `next_val` bigint DEFAULT NULL
) ENGINE=MyISAM DEFAULT CHARSET=utf8mb4 COLLATE=utf8mb4_0900_ai_ci;
/*!40101 SET character_set_client = @saved_cs_client */;

--
-- Dumping data for table `hibernate_sequence`
--

LOCK TABLES `hibernate_sequence` WRITE;
/*!40000 ALTER TABLE `hibernate_sequence` DISABLE KEYS */;
INSERT INTO `hibernate_sequence` VALUES (1);
/*!40000 ALTER TABLE `hibernate_sequence` ENABLE KEYS */;
UNLOCK TABLES;

--
-- Table structure for table `Hospitals`
--

DROP TABLE IF EXISTS `Hospitals`;
/*!40101 SET @saved_cs_client     = @@character_set_client */;
/*!50503 SET character_set_client = utf8mb4 */;
CREATE TABLE `Hospitals` (
  `hospital_id` int NOT NULL AUTO_INCREMENT,
  `capacity` int DEFAULT NULL,
  `state_dep_health_state_id` int NOT NULL,
  `hospital_name` varchar(45) DEFAULT NULL,
  `no_patients` int NOT NULL,
  PRIMARY KEY (`hospital_id`,`state_dep_health_state_id`),
  KEY `fk_Hospitals_State_Dep_Health1_idx` (`state_dep_health_state_id`),
  CONSTRAINT `fk_Hospitals_State_Dep_Health1` FOREIGN KEY (`state_dep_health_state_id`) REFERENCES `State_Dep_Health` (`state_dep_health_state_id`)
) ENGINE=InnoDB AUTO_INCREMENT=51 DEFAULT CHARSET=utf8mb4 COLLATE=utf8mb4_0900_ai_ci;
/*!40101 SET character_set_client = @saved_cs_client */;

--
-- Dumping data for table `Hospitals`
--

LOCK TABLES `Hospitals` WRITE;
/*!40000 ALTER TABLE `Hospitals` DISABLE KEYS */;
INSERT INTO `Hospitals` VALUES (1,356,10,'Zboncak Hospital',182),(2,476,9,'Lynch Hospital',241),(3,416,3,'Boehm Hospital',336),(4,354,9,'Heathcote Hospital',252),(5,488,2,'Windler Hospital',462),(6,370,10,'Haag Hospital',263),(7,273,3,'Armstrong Hospital',246),(8,427,2,'Berge Hospital',309),(9,282,3,'Harvey Hospital',231),(10,299,6,'Schowalter Hospital',243),(11,381,7,'Donnelly Hospital',372),(12,266,2,'Auer Hospital',189),(13,450,1,'Dickens Hospital',304),(14,335,4,'Lowe Hospital',209),(15,256,10,'Skiles Hospital',188),(16,377,9,'Wuckert Hospital',182),(17,437,3,'Schinner Hospital',208),(18,261,7,'Johnson Hospital',25),(19,304,5,'Osinski Hospital',197),(20,311,1,'Heaney Hospital',180),(21,407,4,'Bogisich Hospital',216),(22,292,1,'Zulauf Hospital',73),(23,408,5,'Bayer Hospital',209),(24,264,9,'Jones Hospital',189),(25,359,1,'Collier Hospital',328),(26,483,7,'Hegmann Hospital',376),(27,351,2,'Kertzmann Hospital',306),(28,257,8,'Hane Hospital',94),(29,336,5,'Rau Hospital',324),(30,319,6,'Herzog Hospital',133),(31,426,8,'Toy Hospital',355),(32,452,5,'Wiegand Hospital',218),(33,424,6,'Grimes Hospital',269),(34,303,2,'Bode Hospital',247),(35,418,5,'O\'Keefe Hospital',378),(36,373,9,'Ward Hospital',219),(37,494,8,'Hauck Hospital',452),(38,459,7,'Kulas Hospital',270),(39,457,7,'Hahn Hospital',287),(40,410,6,'Powlowski Hospital',384),(41,320,2,'Bradtke Hospital',239),(42,344,7,'Roberts Hospital',145),(43,470,7,'Yost Hospital',465),(44,409,7,'Graham Hospital',374),(45,402,1,'Ankunding Hospital',197),(46,396,1,'Goyette Hospital',295),(47,314,6,'Feeney Hospital',186),(48,375,3,'Pfannerstill Hospital',338),(49,395,5,'Bauch Hospital',306),(50,431,1,'Wisozk Hospital',221);
/*!40000 ALTER TABLE `Hospitals` ENABLE KEYS */;
UNLOCK TABLES;

--
-- Table structure for table `Item_Description`
--

DROP TABLE IF EXISTS `Item_Description`;
/*!40101 SET @saved_cs_client     = @@character_set_client */;
/*!50503 SET character_set_client = utf8mb4 */;
CREATE TABLE `Item_Description` (
  `item_name` varchar(200) NOT NULL,
  `description` varchar(200) DEFAULT NULL,
  `manufacturer` varchar(100) DEFAULT NULL,
  `item_id` int NOT NULL AUTO_INCREMENT,
  PRIMARY KEY (`item_id`)
) ENGINE=InnoDB AUTO_INCREMENT=101 DEFAULT CHARSET=utf8mb4 COLLATE=utf8mb4_0900_ai_ci;
/*!40101 SET character_set_client = @saved_cs_client */;

--
-- Dumping data for table `Item_Description`
--

LOCK TABLES `Item_Description` WRITE;
/*!40000 ALTER TABLE `Item_Description` DISABLE KEYS */;
INSERT INTO `Item_Description` VALUES ('Arnica, Dulcamara, Berberis, Bryonia, Rhus tox','shelf vasts us shawl\'s lop ','Native Remedies, LLC',1),('Saltbush Annual Atriplex','crack slave my crumb\'s sex ','ALK-Abello, Inc.',2),('Wheat Smut','altho drily ah grand\'s ani ','Nelco Laboratories, Inc.',3),('glycerin, phenylephrine HCl, pramoxine HCl, white petrolatum','demon wad\'s ah deigned bit ','Western Family Foods Inc',4),('Mexican Tea Pollen','dames pin\'s pi smolder N\'s ','Nelco Laboratories, Inc.',5),('SILICON DIOXIDE','proms nasty of lorry\'s woo ','LUBASBIO CO., LTD',6),('clindamycin phosphate','junks mites to major\'s P\'s ','Physicians Total Care, Inc.',7),('tretinoin','soars pinks be hammers ray ','Clinical Solutions Wholesale',8),('SODIUM FLUORIDE','rinks pined ho trebles cod ','ShopKo Stores Operating Co., LLC',9),('Carvedilol','gains grate ad waxiest cow ','Cadila Healthcare Limited',10),('Avobenzone, Octinoxate, Octisalate, and Oxybenzone','chant peaks ha satisfy van ','Dermalogica, Inc.',11),('Azithromycin','sired swaps be rewrote lip ','Lake Erie Medical DBA Quality Care Products LLC',12),('ciprofloxacin hydrochloride','okays entry ah inducts spy ','Bayer HealthCare Pharmaceuticals Inc.',13),('Triclosan','prick stern by squirms ply ','SJ Creations, Inc.',14),('Sodium Fluoride','parka pushy Cs collect tea ','Colgate-Palmolive Canada',15),('Duloxetine','row\'s shrew em pertain bay ','Zydus Pharmaceuticals (USA) Inc.',16),('Benzalkonium Chloride','mucus sheen ax rebel\'s pea ','Best Sanitizers, Inc',17),('Risperidone','horns jolts pa exhumed sat ','Major Pharmaceuticals',18),('Natural Medicine','jab\'s sinus it shave\'s opt ','King Bio Inc.',19),('tinzaparin sodium','hoots sands go point\'s web ','LEO Pharma Inc.',20),('acetaminophen','hunch jaw\'s Ms round\'s lop ','Harmon Stores Inc.',21),('HYDROCORTISONE ACETATE','wok\'s rue\'s as grinder ani ','Salix Pharmaceuticals, Inc',22),('DOCUSATE SODIUM','madly goons ho murmurs cue ','TOP CARE (Topco Associates LLC)',23),('Lentil','sagas moans Cs fence\'s den ','Antigen Laboratories, Inc.',24),('diltiazem hydrochloride','rouse being ms squalor non ','Apotex Corp.',25),('Treatment Set TS334128','mutes dirge Cs jumpers pub ','Antigen Laboratories, Inc.',26),('Acetaminophen Phenylephrine','naive huffy it chirp\'s cog ','Zee Medical Inc',27),('Isosulfan Blue','inane sores am nuttier wit ','Mylan Institutional LLC',28),('Acetaminophen','pease exist ha chromes H\'s ','McKesson',29),('Ciprofloxacin','vends twang if swathes arm ','Bryant Ranch Prepack',30),('Menthol','dozed faked or castoff elk ','Enzyme Labs',31),('POTASSIUM CHLORIDE','place pants ms semen\'s sag ','Hospira, Inc.',32),('norethindrone and ethinyl estradiol','blobs furor it handles sue ','Janssen Pharmaceuticals, Inc.',33),('Nicotine polacrilex','mints fiery no pattern pat ','CVS Pharmacy',34),('Isoleucine, Arginine, Carnitine, Alpha keto glutaricum acid, Leucine, Ornithine, Valine, Estrogen, Progesterone, Testosterone,','lyric banks ox unaware rap ','Apotheca Company',35),('Temozolomide','rodeo kilns he heavy\'s wee ','Merck Sharp & Dohme Corp.',36),('Levofloxacin','filly tipsy ah sharply elm ','REMEDYREPACK INC.',37),('Avobenzone, Octisalate, Octocrylene','ivy\'s grins to bound\'s eel ','BCM Ltd',38),('ibuprofen','gin\'s sugar Mr sieve\'s had ','NorMed',39),('montelukast sodium','liars finch Cs rigidly get ','Preferred Pharmaceuticals, Inc.',40),('Cattle Hair and Dander','tarts bulks hi embassy man ','Jubilant HollisterStier LLC',41),('Avobenzone, Homosalate, Octisalate and Octocrylene','halon seeps or shuttle chi ','L\'Oreal USA Products Inc',42),('Acetaminophen, Dextromethorphan HBr, Doxylamine succinate','havoc gourd on peppers leg ','Kmart Corporation',43),('TOPICAL STARCH','comma force hi mixer\'s old ','KJI Industrial Co Ltd',44),('Ondansetron','names top\'s he prawn\'s pro ','Dispensing Solutions, Inc.',45),('Pseudoephedrine Hydrochloride','scale bouts ah dearest par ','Meijer Distribution Inc',46),('Guaifenesin, Dextromethorphan HBR','gem\'s shape re monarch W\'s ','Menper Distributors, Inc.',47),('Shrimp','frisk barge ms yapping sky ','Nelco Laboratories, Inc.',48),('Diltiazem Hydrochloride','bribe virus ho rogue\'s pas ','REMEDYREPACK INC.',49),('Protriptyline Hydrochloride','zests one\'s ay crust\'s but ','Teva Women\'s Health, Inc.',50),('metronidazole','cello speed ms crudely vie ','Medimetriks Pharmaceuticals, Inc.',51),('NITROUS OXIDE','other spied Os wadding ask ','Air Liquide America Specialty Gases LLC',52),('Neurospora intermedia','boned gouge or sharked T\'s ','Nelco Laboratories, Inc.',53),('IODINE, SODIUM IODIDE, ALCOHOL','walls tunas up encored jot ','McKesson',54),('OCTINOXATE, OCTOCRYLENE, OCTISALATE, and AVOBENZONE','borne pines oh endives dip ','KINeSYS Pharmaceutical Inc.',55),('atorvastatin calcium','eying barge ox merited hah ','A-S Medication Solutions LLC',56),('ALCOHOL','words movie em rereads cox ','Greenbrier International',57),('Promethazine Hydrochloride','aback skill re forming six ','REMEDYREPACK INC.',58),('Octinoxate and Titanium dioxide','surer firms to chagrin sex ','SHISEIDO CO., LTD.',59),('ETHYL ALCOHOL','wives baste up godlike ape ','DZA BRANDS',60),('Apricot','jawed friar ma oblique sod ','Nelco Laboratories, Inc.',61),('Lenscale Quailbrush','son\'s pucks pa dangers bog ','Nelco Laboratories, Inc.',62),('Lisinopril','whose ram\'s Cs cuckoos G\'s ','NCS HealthCare of KY, Inc dba Vangard Labs',63),('Chicory','issue heros go guide\'s lit ','Apotheca Company',64),('Ibuprofen','snoop witch ay dolling via ','Cardinal Health',65),('ACETAMINOPHEN, DEXTROMETHORPHAN, PHENYLEPHRINE','odder mousy oh loiters opt ','Novartis Consumer Health',66),('Nortriptyline Hydrochloride','theta waist ha summing par ','Rebel Distributors Corp',67),('Gemcitabine Hydrochloride','eject spied up warring roe ','Watson Laboratories, Inc.',68),('','dusts toyed go canters net ','Chattem, Inc.',69),('Propranolol Hydrochloride','rasps mount or utensil gas ','Golden State Medical Supply, Inc.',70),('Lobelia Quercus','cuffs adore cs politer lop ','Uriel Pharmacy Inc.',71),('Pentoxifylline','ass\'s angst at inhibit fry ','Cardinal Health',72),('salicylic acid','crave tot\'s up porting mes ','Pedinol Pharmacal, Inc.',73),('Duloxetine','crypt heavy in debut\'s dot ','American Health Packaging',74),('Famotidine','singe drips ah fussier sop ','West-ward Pharmaceutical Corp.',75),('Equisetum arv','robot clout ay earshot ace ','Native Remedies, LLC',76),('Irbesartan and Hydrochlorothiazide','crate event do dwarfed leg ','Winthrop U.S.',77),('Ibuprofen','cello skimp Mr bullion jay ','Cardinal Health',78),('Amiodarone Hydrochloride','lairs girls ay grammar sea ','Aphena Pharma Solutions - Tennessee, LLC',79),('Zinc Oxide','cages tab\'s Os laciest dye ','Mission Pharmacal Company',80),('Pseudoephedrine HCl','log\'s eased ms audible wry ','Rite Aid Corporation',81),('Citalopram','harsh shave Mr tallest axe ','Golden State Medical Supply, Inc.',82),('Acetaminophen, Dextromathorphan HBr, Gauifenesin, Phenylephrine HCl','hails dried Es epitaph oar ','WOONSOCKET PRESCRIPTION CENTER,INCORPORATED',83),('TITANIUM DIOXIDE, ZINC OXIDE','colon tends of bluffed how ','CLINIQUE LABORATORIES INC.',84),('Calcium polycarbophil','garbs human ax numbing shy ','Safeway',85),('ALTERNARIA TENUIS','meter groan ma smaller dam ','ALK-Abello, Inc.',86),('Phenazopyridine Hydrochloride','dunce phase ay insurer yak ','American Health Packaging',87),('Topiramate','reign sways on haughty ore ','Teva Pharmaceuticals USA Inc',88),('IBUPROFEN AND DIPHENHYDRAMINE HCL','dregs dazes id surgery rim ','Strides Arcolab Limited',89),('oxymorphone hydrochloride','hotel adopt so pupil\'s pan ','Endo Pharmaceuticals Inc.',90),('indinavir sulfate','rigor staff pa deeming mop ','Merck Sharp & Dohme Corp.',91),('strophanthus hispidus','coups array am tautest his ','Sanum Kehlbeck GmbH & Co. KG',92),('FLUOXETINE HYDROCHLORIDE','rears inn\'s Cs qualify pet ','DIRECT RX',93),('Human Immunoglobulin G','tubed depth ox effects pus ','CSL Behring LLC',94),('diphenoxylate hydrochloride and atropine sulfate','golds heaps Cs botched wot ','Lake Erie Medical & Surgical Supply DBA Quality Care Products LLC',95),('Enalapril Maleate','burly domes if envoy\'s era ','Valeant Pharmaceuticals North America LLC',96),('efavirenz','eater flaws or therapy too ','Physicians Total Care, Inc.',97),('DIPHENHYDRAMINE HYDROCHLORIDE','barge delay no quirk\'s pep ','HIMPRIT PHARMACHEM PVT LTD',98),('Glyburide and Metformin Hydrochloride','ham\'s skill ms retrace win ','Aurobindo Pharma Limited',99),('Acetaminophen','keg\'s feint ay exclaim off ','Conney Safety Products, LLC',100);
/*!40000 ALTER TABLE `Item_Description` ENABLE KEYS */;
UNLOCK TABLES;

--
-- Table structure for table `Lab`
--

DROP TABLE IF EXISTS `Lab`;
/*!40101 SET @saved_cs_client     = @@character_set_client */;
/*!50503 SET character_set_client = utf8mb4 */;
CREATE TABLE `Lab` (
  `lab_id` int NOT NULL AUTO_INCREMENT,
  `testing_capacity` int DEFAULT NULL,
  `state_dep_health_state_id` int NOT NULL,
  `lab_name` varchar(30) DEFAULT NULL,
  `tests_in_progress` int DEFAULT NULL,
  PRIMARY KEY (`lab_id`),
  KEY `fk_Lab_State_Dep_Health1_idx` (`state_dep_health_state_id`),
  CONSTRAINT `fk_Lab_State_Dep_Health1` FOREIGN KEY (`state_dep_health_state_id`) REFERENCES `State_Dep_Health` (`state_dep_health_state_id`)
) ENGINE=InnoDB AUTO_INCREMENT=41 DEFAULT CHARSET=utf8mb4 COLLATE=utf8mb4_0900_ai_ci;
/*!40101 SET character_set_client = @saved_cs_client */;

--
-- Dumping data for table `Lab`
--

LOCK TABLES `Lab` WRITE;
/*!40000 ALTER TABLE `Lab` DISABLE KEYS */;
INSERT INTO `Lab` VALUES (1,87,4,'Armstrong lab',8),(2,69,3,'Hintz lab',13),(3,62,6,'Kertzmann lab',16),(4,94,1,'Block lab',74),(5,77,10,'Gutkowski lab',61),(6,74,2,'Altenwerth lab',23),(7,94,4,'Aufderhar lab',15),(8,68,2,'Olson lab',76),(9,52,7,'Roberts lab',50),(10,65,2,'Jakubowski lab',18),(11,95,6,'Dicki lab',77),(12,94,9,'Thompson lab',47),(13,93,4,'Prosacco lab',91),(14,55,10,'Padberg lab',26),(15,94,10,'Schinner lab',4),(16,97,4,'Tillman lab',49),(17,53,2,'Barton lab',74),(18,96,8,'Kohler lab',61),(19,71,3,'Runolfsson lab',76),(20,67,2,'Towne lab',56),(21,100,4,'Hane lab',76),(22,95,7,'Donnelly lab',99),(23,81,2,'Rolfson lab',75),(24,60,4,'Rice lab',52),(25,93,3,'Connelly lab',55),(26,58,5,'Hessel lab',62),(27,82,5,'Lang lab',70),(28,65,2,'Jewess lab',60),(29,68,5,'Pacocha lab',78),(30,82,2,'Turner lab',72),(31,70,6,'Terry lab',66),(32,94,7,'Ernser lab',26),(33,86,7,'Ward lab',34),(34,51,7,'Schaden lab',3),(35,50,8,'Watsica lab',27),(36,94,5,'Jacobson lab',54),(37,84,7,'Tromp lab',22),(38,97,3,'Stracke lab',93),(39,70,5,'Armstrong lab',8),(40,92,7,'Cormier lab',16);
/*!40000 ALTER TABLE `Lab` ENABLE KEYS */;
UNLOCK TABLES;

--
-- Table structure for table `People`
--

DROP TABLE IF EXISTS `People`;
/*!40101 SET @saved_cs_client     = @@character_set_client */;
/*!50503 SET character_set_client = utf8mb4 */;
CREATE TABLE `People` (
  `people_id` int NOT NULL AUTO_INCREMENT,
  `result` varchar(45) DEFAULT NULL,
  `facility_id` int NOT NULL,
  `state_dep_health_state_id` int NOT NULL,
  PRIMARY KEY (`people_id`),
  KEY `fk_People_Testing_Facilities1_idx` (`facility_id`,`state_dep_health_state_id`),
  CONSTRAINT `fk_People_Testing_Facilities1` FOREIGN KEY (`facility_id`, `state_dep_health_state_id`) REFERENCES `Testing_Facilities` (`facility_id`, `state_dep_health_state_id`)
) ENGINE=InnoDB AUTO_INCREMENT=1001 DEFAULT CHARSET=utf8mb4 COLLATE=utf8mb4_0900_ai_ci;
/*!40101 SET character_set_client = @saved_cs_client */;

--
-- Dumping data for table `People`
--

LOCK TABLES `People` WRITE;
/*!40000 ALTER TABLE `People` DISABLE KEYS */;
INSERT INTO `People` VALUES (1,'negative',21,7),(2,'negative',8,10),(3,'negative',64,9),(4,'positive',42,7),(5,'negative',45,5),(6,'negative',3,9),(7,'negative',64,9),(8,'positive',30,5),(9,'negative',46,3),(10,'negative',30,5),(11,'negative',19,8),(12,'positive',65,5),(13,'negative',2,2),(14,'negative',8,10),(15,'negative',17,6),(16,'positive',70,4),(17,'negative',23,2),(18,'negative',8,10),(19,'negative',15,1),(20,'positive',27,2),(21,'negative',7,7),(22,'negative',43,2),(23,'negative',8,10),(24,'positive',57,7),(25,'negative',54,1),(26,'negative',35,8),(27,'negative',31,3),(28,'positive',72,5),(29,'negative',61,7),(30,'negative',73,9),(31,'negative',68,10),(32,'positive',3,9),(33,'negative',15,1),(34,'negative',39,1),(35,'negative',54,1),(36,'positive',39,1),(37,'negative',34,7),(38,'negative',54,1),(39,'negative',51,6),(40,'positive',49,1),(41,'negative',25,7),(42,'negative',63,1),(43,'negative',28,8),(44,'positive',53,6),(45,'negative',42,7),(46,'negative',42,7),(47,'negative',61,7),(48,'positive',10,1),(49,'negative',56,3),(50,'negative',26,6),(51,'negative',5,1),(52,'positive',41,10),(53,'negative',30,5),(54,'negative',40,7),(55,'negative',21,7),(56,'positive',74,7),(57,'negative',21,7),(58,'negative',13,1),(59,'negative',68,10),(60,'positive',2,2),(61,'negative',3,9),(62,'negative',35,8),(63,'negative',68,10),(64,'positive',29,2),(65,'negative',15,1),(66,'negative',44,3),(67,'negative',38,9),(68,'positive',36,8),(69,'negative',26,6),(70,'negative',53,6),(71,'negative',32,8),(72,'positive',61,7),(73,'negative',14,2),(74,'negative',24,1),(75,'negative',22,3),(76,'positive',27,2),(77,'negative',10,1),(78,'negative',23,2),(79,'negative',3,9),(80,'positive',73,9),(81,'negative',65,5),(82,'negative',74,7),(83,'negative',44,3),(84,'positive',46,3),(85,'negative',68,10),(86,'negative',62,7),(87,'negative',23,2),(88,'positive',23,2),(89,'negative',60,3),(90,'negative',30,5),(91,'negative',75,9),(92,'positive',58,3),(93,'negative',67,1),(94,'negative',8,10),(95,'negative',53,6),(96,'positive',28,8),(97,'negative',6,9),(98,'negative',12,7),(99,'negative',70,4),(100,'positive',14,2),(101,'negative',12,7),(102,'negative',60,3),(103,'negative',4,3),(104,'positive',48,3),(105,'negative',22,3),(106,'negative',10,1),(107,'negative',64,9),(108,'positive',45,5),(109,'negative',36,8),(110,'negative',48,3),(111,'negative',56,3),(112,'positive',62,7),(113,'negative',50,5),(114,'negative',36,8),(115,'negative',1,6),(116,'positive',68,10),(117,'negative',15,1),(118,'negative',47,7),(119,'negative',11,5),(120,'positive',46,3),(121,'negative',52,6),(122,'negative',50,5),(123,'negative',32,8),(124,'positive',4,3),(125,'negative',23,2),(126,'negative',3,9),(127,'negative',73,9),(128,'positive',56,3),(129,'negative',2,2),(130,'negative',35,8),(131,'negative',5,1),(132,'positive',75,9),(133,'negative',29,2),(134,'negative',45,5),(135,'negative',72,5),(136,'positive',12,7),(137,'negative',22,3),(138,'negative',74,7),(139,'negative',64,9),(140,'positive',60,3),(141,'negative',53,6),(142,'negative',45,5),(143,'negative',64,9),(144,'positive',45,5),(145,'negative',57,7),(146,'negative',30,5),(147,'negative',1,6),(148,'positive',33,6),(149,'negative',19,8),(150,'negative',47,7),(151,'negative',44,3),(152,'positive',74,7),(153,'negative',51,6),(154,'negative',74,7),(155,'negative',3,9),(156,'positive',11,5),(157,'negative',72,5),(158,'negative',23,2),(159,'negative',6,9),(160,'positive',25,7),(161,'negative',4,3),(162,'negative',71,4),(163,'negative',73,9),(164,'positive',24,1),(165,'negative',28,8),(166,'negative',63,1),(167,'negative',48,3),(168,'positive',46,3),(169,'negative',62,7),(170,'negative',65,5),(171,'negative',59,3),(172,'positive',4,3),(173,'negative',5,1),(174,'negative',73,9),(175,'negative',49,1),(176,'positive',10,1),(177,'negative',75,9),(178,'negative',22,3),(179,'negative',38,9),(180,'positive',57,7),(181,'negative',27,2),(182,'negative',71,4),(183,'negative',27,2),(184,'positive',55,5),(185,'negative',60,3),(186,'negative',10,1),(187,'negative',33,6),(188,'positive',42,7),(189,'negative',30,5),(190,'negative',18,7),(191,'negative',60,3),(192,'positive',20,8),(193,'negative',67,1),(194,'negative',45,5),(195,'negative',60,3),(196,'positive',4,3),(197,'negative',38,9),(198,'negative',58,3),(199,'negative',52,6),(200,'positive',9,7),(201,'negative',31,3),(202,'negative',30,5),(203,'positive',51,6),(204,'negative',49,1),(205,'negative',11,5),(206,'negative',56,3),(207,'negative',69,7),(208,'negative',74,7),(209,'negative',12,7),(210,'positive',14,2),(211,'negative',32,8),(212,'negative',39,1),(213,'negative',61,7),(214,'negative',74,7),(215,'negative',65,5),(216,'negative',49,1),(217,'positive',72,5),(218,'negative',3,9),(219,'negative',65,5),(220,'negative',29,2),(221,'negative',63,1),(222,'negative',4,3),(223,'negative',10,1),(224,'positive',30,5),(225,'negative',63,1),(226,'negative',56,3),(227,'negative',43,2),(228,'negative',7,7),(229,'negative',42,7),(230,'negative',58,3),(231,'positive',60,3),(232,'negative',60,3),(233,'negative',42,7),(234,'negative',18,7),(235,'negative',46,3),(236,'negative',10,1),(237,'negative',25,7),(238,'positive',42,7),(239,'negative',30,5),(240,'negative',16,7),(241,'negative',48,3),(242,'negative',63,1),(243,'negative',20,8),(244,'negative',19,8),(245,'positive',19,8),(246,'negative',7,7),(247,'negative',34,7),(248,'negative',9,7),(249,'negative',51,6),(250,'negative',24,1),(251,'negative',36,8),(252,'positive',2,2),(253,'negative',33,6),(254,'negative',68,10),(255,'negative',56,3),(256,'negative',48,3),(257,'negative',25,7),(258,'negative',47,7),(259,'positive',68,10),(260,'negative',63,1),(261,'negative',11,5),(262,'negative',14,2),(263,'negative',46,3),(264,'negative',7,7),(265,'negative',25,7),(266,'positive',51,6),(267,'negative',40,7),(268,'negative',18,7),(269,'negative',8,10),(270,'negative',56,3),(271,'negative',33,6),(272,'negative',60,3),(273,'positive',69,7),(274,'negative',70,4),(275,'negative',22,3),(276,'negative',28,8),(277,'negative',35,8),(278,'negative',34,7),(279,'negative',35,8),(280,'positive',51,6),(281,'negative',61,7),(282,'negative',43,2),(283,'negative',33,6),(284,'negative',30,5),(285,'negative',73,9),(286,'negative',10,1),(287,'positive',37,2),(288,'negative',38,9),(289,'negative',30,5),(290,'negative',14,2),(291,'negative',31,3),(292,'negative',58,3),(293,'negative',34,7),(294,'positive',23,2),(295,'negative',28,8),(296,'negative',53,6),(297,'negative',53,6),(298,'negative',48,3),(299,'negative',50,5),(300,'negative',11,5),(301,'positive',7,7),(302,'negative',19,8),(303,'negative',25,7),(304,'negative',34,7),(305,'negative',24,1),(306,'negative',17,6),(307,'negative',54,1),(308,'positive',28,8),(309,'negative',18,7),(310,'negative',48,3),(311,'negative',74,7),(312,'negative',12,7),(313,'negative',42,7),(314,'negative',47,7),(315,'positive',33,6),(316,'negative',75,9),(317,'negative',7,7),(318,'negative',63,1),(319,'negative',64,9),(320,'negative',63,1),(321,'negative',15,1),(322,'positive',32,8),(323,'negative',54,1),(324,'negative',6,9),(325,'negative',17,6),(326,'negative',52,6),(327,'negative',18,7),(328,'negative',22,3),(329,'positive',63,1),(330,'negative',52,6),(331,'negative',11,5),(332,'negative',8,10),(333,'negative',5,1),(334,'negative',66,9),(335,'negative',42,7),(336,'positive',28,8),(337,'negative',18,7),(338,'negative',51,6),(339,'negative',20,8),(340,'negative',50,5),(341,'negative',62,7),(342,'negative',9,7),(343,'positive',25,7),(344,'negative',13,1),(345,'negative',9,7),(346,'negative',49,1),(347,'negative',15,1),(348,'negative',13,1),(349,'negative',65,5),(350,'positive',62,7),(351,'negative',14,2),(352,'negative',61,7),(353,'negative',26,6),(354,'negative',59,3),(355,'negative',64,9),(356,'negative',48,3),(357,'positive',33,6),(358,'negative',4,3),(359,'negative',35,8),(360,'negative',28,8),(361,'negative',64,9),(362,'negative',43,2),(363,'negative',41,10),(364,'positive',30,5),(365,'negative',14,2),(366,'negative',47,7),(367,'negative',48,3),(368,'negative',9,7),(369,'negative',4,3),(370,'negative',35,8),(371,'positive',75,9),(372,'negative',38,9),(373,'negative',27,2),(374,'negative',12,7),(375,'negative',25,7),(376,'negative',53,6),(377,'negative',43,2),(378,'positive',39,1),(379,'negative',49,1),(380,'negative',55,5),(381,'negative',21,7),(382,'negative',11,5),(383,'negative',21,7),(384,'negative',48,3),(385,'positive',15,1),(386,'negative',67,1),(387,'negative',44,3),(388,'negative',50,5),(389,'negative',2,2),(390,'negative',24,1),(391,'negative',31,3),(392,'positive',1,6),(393,'negative',70,4),(394,'negative',54,1),(395,'negative',3,9),(396,'negative',33,6),(397,'negative',68,10),(398,'negative',36,8),(399,'positive',28,8),(400,'negative',1,6),(401,'negative',72,5),(402,'negative',9,7),(403,'negative',43,2),(404,'negative',47,7),(405,'negative',71,4),(406,'positive',14,2),(407,'negative',66,9),(408,'negative',42,7),(409,'negative',45,5),(410,'negative',48,3),(411,'negative',63,1),(412,'negative',43,2),(413,'positive',15,1),(414,'negative',7,7),(415,'negative',55,5),(416,'negative',15,1),(417,'negative',10,1),(418,'negative',19,8),(419,'negative',44,3),(420,'positive',29,2),(421,'negative',59,3),(422,'negative',15,1),(423,'negative',15,1),(424,'negative',42,7),(425,'negative',62,7),(426,'negative',17,6),(427,'positive',35,8),(428,'negative',68,10),(429,'negative',75,9),(430,'negative',34,7),(431,'negative',23,2),(432,'negative',61,7),(433,'negative',46,3),(434,'positive',12,7),(435,'negative',32,8),(436,'negative',75,9),(437,'negative',36,8),(438,'negative',74,7),(439,'negative',26,6),(440,'negative',56,3),(441,'positive',60,3),(442,'negative',55,5),(443,'negative',32,8),(444,'negative',29,2),(445,'negative',46,3),(446,'negative',19,8),(447,'negative',5,1),(448,'positive',6,9),(449,'negative',32,8),(450,'negative',63,1),(451,'negative',59,3),(452,'negative',57,7),(453,'negative',61,7),(454,'negative',67,1),(455,'positive',60,3),(456,'negative',38,9),(457,'negative',49,1),(458,'negative',45,5),(459,'negative',70,4),(460,'negative',12,7),(461,'negative',45,5),(462,'positive',56,3),(463,'negative',68,10),(464,'negative',39,1),(465,'negative',43,2),(466,'negative',9,7),(467,'negative',1,6),(468,'negative',17,6),(469,'positive',75,9),(470,'negative',10,1),(471,'negative',15,1),(472,'negative',33,6),(473,'negative',48,3),(474,'negative',26,6),(475,'negative',72,5),(476,'positive',40,7),(477,'negative',57,7),(478,'negative',34,7),(479,'negative',4,3),(480,'negative',61,7),(481,'negative',9,7),(482,'negative',74,7),(483,'positive',50,5),(484,'negative',26,6),(485,'negative',60,3),(486,'negative',60,3),(487,'negative',65,5),(488,'negative',51,6),(489,'negative',20,8),(490,'positive',57,7),(491,'negative',6,9),(492,'negative',30,5),(493,'negative',57,7),(494,'negative',16,7),(495,'negative',54,1),(496,'negative',27,2),(497,'positive',3,9),(498,'negative',25,7),(499,'negative',64,9),(500,'negative',11,5),(501,'negative',33,6),(502,'negative',27,2),(503,'negative',31,3),(504,'positive',50,5),(505,'negative',25,7),(506,'negative',19,8),(507,'negative',44,3),(508,'negative',38,9),(509,'negative',60,3),(510,'negative',47,7),(511,'positive',30,5),(512,'negative',23,2),(513,'negative',40,7),(514,'negative',69,7),(515,'negative',49,1),(516,'negative',45,5),(517,'negative',51,6),(518,'positive',44,3),(519,'negative',18,7),(520,'negative',59,3),(521,'negative',12,7),(522,'negative',51,6),(523,'negative',60,3),(524,'negative',16,7),(525,'positive',57,7),(526,'negative',50,5),(527,'negative',60,3),(528,'negative',40,7),(529,'negative',46,3),(530,'negative',21,7),(531,'negative',73,9),(532,'positive',52,6),(533,'negative',53,6),(534,'negative',62,7),(535,'negative',12,7),(536,'negative',27,2),(537,'negative',40,7),(538,'negative',21,7),(539,'positive',53,6),(540,'negative',12,7),(541,'negative',67,1),(542,'negative',53,6),(543,'negative',41,10),(544,'negative',63,1),(545,'negative',23,2),(546,'positive',33,6),(547,'negative',64,9),(548,'negative',13,1),(549,'negative',12,7),(550,'negative',22,3),(551,'negative',17,6),(552,'negative',1,6),(553,'positive',70,4),(554,'negative',50,5),(555,'negative',30,5),(556,'negative',52,6),(557,'negative',26,6),(558,'negative',22,3),(559,'negative',16,7),(560,'positive',67,1),(561,'negative',4,3),(562,'negative',27,2),(563,'negative',21,7),(564,'negative',20,8),(565,'negative',52,6),(566,'negative',32,8),(567,'positive',38,9),(568,'negative',4,3),(569,'negative',48,3),(570,'negative',7,7),(571,'negative',43,2),(572,'negative',3,9),(573,'negative',17,6),(574,'positive',50,5),(575,'negative',36,8),(576,'negative',39,1),(577,'negative',27,2),(578,'negative',40,7),(579,'negative',75,9),(580,'negative',37,2),(581,'positive',62,7),(582,'negative',23,2),(583,'negative',43,2),(584,'negative',45,5),(585,'negative',71,4),(586,'negative',27,2),(587,'negative',55,5),(588,'positive',43,2),(589,'negative',29,2),(590,'negative',1,6),(591,'negative',44,3),(592,'negative',14,2),(593,'negative',75,9),(594,'negative',50,5),(595,'positive',24,1),(596,'negative',49,1),(597,'negative',14,2),(598,'negative',75,9),(599,'negative',48,3),(600,'negative',67,1),(601,'negative',63,1),(602,'positive',11,5),(603,'negative',7,7),(604,'negative',22,3),(605,'negative',56,3),(606,'negative',25,7),(607,'negative',70,4),(608,'negative',55,5),(609,'positive',41,10),(610,'negative',10,1),(611,'negative',29,2),(612,'negative',43,2),(613,'negative',10,1),(614,'negative',59,3),(615,'negative',8,10),(616,'positive',74,7),(617,'negative',69,7),(618,'negative',2,2),(619,'negative',8,10),(620,'negative',32,8),(621,'negative',14,2),(622,'negative',42,7),(623,'positive',40,7),(624,'negative',16,7),(625,'negative',41,10),(626,'negative',19,8),(627,'negative',7,7),(628,'negative',58,3),(629,'negative',22,3),(630,'positive',56,3),(631,'negative',14,2),(632,'negative',21,7),(633,'negative',64,9),(634,'negative',63,1),(635,'negative',59,3),(636,'negative',71,4),(637,'positive',4,3),(638,'negative',34,7),(639,'negative',22,3),(640,'negative',25,7),(641,'negative',44,3),(642,'negative',19,8),(643,'negative',54,1),(644,'positive',17,6),(645,'negative',61,7),(646,'negative',5,1),(647,'negative',72,5),(648,'negative',3,9),(649,'negative',9,7),(650,'negative',68,10),(651,'positive',53,6),(652,'negative',29,2),(653,'negative',13,1),(654,'negative',38,9),(655,'negative',45,5),(656,'negative',24,1),(657,'negative',53,6),(658,'positive',74,7),(659,'negative',26,6),(660,'negative',71,4),(661,'negative',41,10),(662,'negative',20,8),(663,'negative',52,6),(664,'negative',47,7),(665,'positive',44,3),(666,'negative',59,3),(667,'negative',56,3),(668,'negative',2,2),(669,'negative',50,5),(670,'negative',42,7),(671,'negative',51,6),(672,'positive',7,7),(673,'negative',8,10),(674,'negative',31,3),(675,'negative',57,7),(676,'negative',65,5),(677,'negative',62,7),(678,'negative',32,8),(679,'positive',32,8),(680,'negative',17,6),(681,'negative',6,9),(682,'negative',66,9),(683,'negative',25,7),(684,'negative',11,5),(685,'negative',6,9),(686,'positive',70,4),(687,'negative',75,9),(688,'negative',8,10),(689,'negative',27,2),(690,'negative',56,3),(691,'negative',23,2),(692,'negative',36,8),(693,'positive',53,6),(694,'negative',27,2),(695,'negative',62,7),(696,'negative',10,1),(697,'negative',57,7),(698,'negative',38,9),(699,'negative',16,7),(700,'positive',53,6),(701,'negative',56,3),(702,'negative',47,7),(703,'negative',43,2),(704,'negative',62,7),(705,'negative',71,4),(706,'negative',43,2),(707,'positive',20,8),(708,'negative',37,2),(709,'negative',35,8),(710,'negative',69,7),(711,'negative',36,8),(712,'negative',58,3),(713,'negative',42,7),(714,'positive',57,7),(715,'negative',26,6),(716,'negative',35,8),(717,'negative',11,5),(718,'negative',30,5),(719,'negative',48,3),(720,'negative',59,3),(721,'positive',11,5),(722,'negative',19,8),(723,'negative',50,5),(724,'negative',48,3),(725,'negative',46,3),(726,'negative',75,9),(727,'negative',5,1),(728,'positive',29,2),(729,'negative',16,7),(730,'negative',49,1),(731,'negative',32,8),(732,'negative',43,2),(733,'negative',11,5),(734,'negative',15,1),(735,'positive',52,6),(736,'negative',28,8),(737,'negative',69,7),(738,'negative',68,10),(739,'negative',47,7),(740,'negative',22,3),(741,'negative',49,1),(742,'positive',69,7),(743,'negative',30,5),(744,'negative',17,6),(745,'negative',68,10),(746,'negative',24,1),(747,'negative',23,2),(748,'negative',70,4),(749,'positive',58,3),(750,'negative',39,1),(751,'negative',13,1),(752,'negative',21,7),(753,'negative',62,7),(754,'negative',57,7),(755,'negative',18,7),(756,'positive',58,3),(757,'negative',3,9),(758,'negative',53,6),(759,'negative',65,5),(760,'negative',46,3),(761,'negative',61,7),(762,'negative',36,8),(763,'positive',12,7),(764,'negative',28,8),(765,'negative',20,8),(766,'negative',66,9),(767,'negative',69,7),(768,'negative',32,8),(769,'negative',10,1),(770,'positive',41,10),(771,'negative',30,5),(772,'negative',72,5),(773,'negative',23,2),(774,'negative',71,4),(775,'negative',73,9),(776,'negative',49,1),(777,'positive',8,10),(778,'negative',11,5),(779,'negative',29,2),(780,'negative',53,6),(781,'negative',8,10),(782,'negative',66,9),(783,'negative',72,5),(784,'positive',65,5),(785,'negative',58,3),(786,'negative',46,3),(787,'negative',11,5),(788,'negative',46,3),(789,'negative',51,6),(790,'negative',44,3),(791,'positive',11,5),(792,'negative',69,7),(793,'negative',6,9),(794,'negative',40,7),(795,'negative',60,3),(796,'negative',22,3),(797,'negative',31,3),(798,'positive',27,2),(799,'negative',52,6),(800,'negative',61,7),(801,'negative',10,1),(802,'negative',38,9),(803,'negative',44,3),(804,'negative',69,7),(805,'positive',55,5),(806,'negative',73,9),(807,'negative',24,1),(808,'negative',23,2),(809,'negative',5,1),(810,'negative',32,8),(811,'negative',65,5),(812,'positive',21,7),(813,'negative',74,7),(814,'negative',9,7),(815,'negative',40,7),(816,'negative',41,10),(817,'negative',48,3),(818,'negative',60,3),(819,'positive',29,2),(820,'negative',42,7),(821,'negative',7,7),(822,'negative',33,6),(823,'negative',11,5),(824,'negative',6,9),(825,'negative',73,9),(826,'positive',71,4),(827,'negative',11,5),(828,'negative',20,8),(829,'negative',49,1),(830,'negative',75,9),(831,'negative',11,5),(832,'negative',55,5),(833,'positive',69,7),(834,'negative',4,3),(835,'negative',44,3),(836,'negative',33,6),(837,'negative',73,9),(838,'negative',40,7),(839,'negative',34,7),(840,'positive',65,5),(841,'negative',37,2),(842,'negative',72,5),(843,'negative',16,7),(844,'negative',13,1),(845,'negative',42,7),(846,'negative',51,6),(847,'positive',26,6),(848,'negative',12,7),(849,'negative',59,3),(850,'negative',35,8),(851,'negative',38,9),(852,'negative',66,9),(853,'negative',56,3),(854,'positive',60,3),(855,'negative',26,6),(856,'negative',50,5),(857,'negative',69,7),(858,'negative',31,3),(859,'negative',12,7),(860,'negative',31,3),(861,'positive',67,1),(862,'negative',45,5),(863,'negative',53,6),(864,'negative',71,4),(865,'negative',30,5),(866,'negative',59,3),(867,'negative',36,8),(868,'positive',72,5),(869,'negative',74,7),(870,'negative',32,8),(871,'negative',71,4),(872,'negative',57,7),(873,'negative',53,6),(874,'negative',24,1),(875,'positive',49,1),(876,'negative',32,8),(877,'negative',51,6),(878,'negative',62,7),(879,'negative',45,5),(880,'negative',3,9),(881,'negative',5,1),(882,'positive',74,7),(883,'negative',57,7),(884,'negative',51,6),(885,'negative',20,8),(886,'negative',31,3),(887,'negative',9,7),(888,'negative',32,8),(889,'positive',46,3),(890,'negative',24,1),(891,'negative',44,3),(892,'negative',15,1),(893,'negative',60,3),(894,'negative',42,7),(895,'negative',65,5),(896,'positive',60,3),(897,'negative',40,7),(898,'negative',62,7),(899,'negative',15,1),(900,'negative',40,7),(901,'negative',44,3),(902,'negative',37,2),(903,'positive',55,5),(904,'negative',67,1),(905,'negative',8,10),(906,'negative',35,8),(907,'negative',18,7),(908,'negative',24,1),(909,'negative',10,1),(910,'positive',16,7),(911,'negative',59,3),(912,'negative',50,5),(913,'negative',45,5),(914,'negative',58,3),(915,'negative',16,7),(916,'negative',67,1),(917,'positive',48,3),(918,'negative',39,1),(919,'negative',46,3),(920,'negative',63,1),(921,'negative',1,6),(922,'negative',1,6),(923,'negative',66,9),(924,'positive',64,9),(925,'negative',67,1),(926,'negative',51,6),(927,'negative',32,8),(928,'negative',4,3),(929,'negative',67,1),(930,'negative',20,8),(931,'positive',30,5),(932,'negative',26,6),(933,'negative',22,3),(934,'negative',1,6),(935,'negative',72,5),(936,'negative',4,3),(937,'negative',41,10),(938,'positive',49,1),(939,'negative',49,1),(940,'negative',17,6),(941,'negative',36,8),(942,'negative',30,5),(943,'negative',68,10),(944,'negative',42,7),(945,'positive',30,5),(946,'negative',53,6),(947,'negative',21,7),(948,'negative',24,1),(949,'negative',3,9),(950,'negative',43,2),(951,'negative',44,3),(952,'positive',8,10),(953,'negative',40,7),(954,'negative',61,7),(955,'negative',51,6),(956,'negative',49,1),(957,'negative',28,8),(958,'negative',2,2),(959,'positive',70,4),(960,'negative',56,3),(961,'negative',31,3),(962,'negative',61,7),(963,'negative',6,9),(964,'negative',3,9),(965,'negative',73,9),(966,'positive',18,7),(967,'negative',63,1),(968,'negative',64,9),(969,'negative',55,5),(970,'negative',8,10),(971,'negative',27,2),(972,'negative',23,2),(973,'positive',49,1),(974,'negative',7,7),(975,'negative',49,1),(976,'negative',70,4),(977,'negative',2,2),(978,'negative',48,3),(979,'negative',39,1),(980,'positive',28,8),(981,'negative',22,3),(982,'negative',9,7),(983,'negative',50,5),(984,'negative',14,2),(985,'negative',67,1),(986,'negative',3,9),(987,'positive',5,1),(988,'negative',50,5),(989,'negative',14,2),(990,'negative',67,1),(991,'negative',53,6),(992,'negative',57,7),(993,'negative',21,7),(994,'positive',53,6),(995,'negative',35,8),(996,'negative',53,6),(997,'negative',12,7),(998,'negative',64,9),(999,'negative',44,3),(1000,'negative',3,9);
/*!40000 ALTER TABLE `People` ENABLE KEYS */;
UNLOCK TABLES;

--
-- Table structure for table `personal_info`
--

DROP TABLE IF EXISTS `personal_info`;
/*!40101 SET @saved_cs_client     = @@character_set_client */;
/*!50503 SET character_set_client = utf8mb4 */;
CREATE TABLE `personal_info` (
  `people_id` int NOT NULL,
  `address` varchar(255) DEFAULT NULL,
  `date_of_birth` datetime DEFAULT NULL,
  `ethnicity` varchar(255) DEFAULT NULL,
  `first_name` varchar(255) DEFAULT NULL,
  `last_name` varchar(255) DEFAULT NULL,
  `phone_num` varchar(255) DEFAULT NULL,
  `sex` varchar(255) DEFAULT NULL,
  PRIMARY KEY (`people_id`)
) ENGINE=MyISAM DEFAULT CHARSET=utf8mb4 COLLATE=utf8mb4_0900_ai_ci;
/*!40101 SET character_set_client = @saved_cs_client */;

--
-- Dumping data for table `personal_info`
--

LOCK TABLES `personal_info` WRITE;
/*!40000 ALTER TABLE `personal_info` DISABLE KEYS */;
/*!40000 ALTER TABLE `personal_info` ENABLE KEYS */;
UNLOCK TABLES;

--
-- Table structure for table `Personal_Information`
--

DROP TABLE IF EXISTS `Personal_Information`;
/*!40101 SET @saved_cs_client     = @@character_set_client */;
/*!50503 SET character_set_client = utf8mb4 */;
CREATE TABLE `Personal_Information` (
  `lname` varchar(45) DEFAULT NULL,
  `fname` varchar(45) DEFAULT NULL,
  `ethnicity` varchar(100) DEFAULT NULL,
  `sex` varchar(45) DEFAULT NULL,
  `dob` datetime DEFAULT NULL,
  `street` varchar(45) DEFAULT NULL,
  `city` varchar(45) DEFAULT NULL,
  `state` varchar(45) DEFAULT NULL,
  `zip_code` varchar(45) DEFAULT NULL,
  `phone` varchar(45) DEFAULT NULL,
  `people_id` int NOT NULL,
  PRIMARY KEY (`people_id`),
  CONSTRAINT `fk_Personal_Information_People1` FOREIGN KEY (`people_id`) REFERENCES `People` (`people_id`)
) ENGINE=InnoDB DEFAULT CHARSET=utf8mb4 COLLATE=utf8mb4_0900_ai_ci;
/*!40101 SET character_set_client = @saved_cs_client */;

--
-- Dumping data for table `Personal_Information`
--

LOCK TABLES `Personal_Information` WRITE;
/*!40000 ALTER TABLE `Personal_Information` DISABLE KEYS */;
INSERT INTO `Personal_Information` VALUES ('Merrifield','Loralie','Guamanian','Female','1932-05-24 22:38:20','35283 Vermont Street','Sacramento','California','13313','916-545-4759',1),('Potteridge','Nedda','Japanese','Female','1988-05-28 03:10:19','6075 Cambridge Court','Richmond','Virginia','58219','804-394-3011',2),('Dombrell','Wes','Tongan','Genderqueer','1969-09-01 16:09:01','335 1st Pass','Corpus Christi','Texas','30991','361-218-3591',3),('Digwood','Ellene','Japanese','Polygender','1945-11-26 01:50:58','60385 Arapahoe Plaza','Evansville','Indiana','13776','812-685-5030',4),('Venn','Alika','Chamorro','Male','2007-04-07 17:32:05','2 Buhler Way','Fort Worth','Texas','84295','682-501-2620',5),('Arrigucci','Lukas','Puget Sound Salish','Male','1960-08-22 17:04:09','1 International Hill','Chicago','Illinois','67737','312-115-3689',6),('Akid','Mariele','Sri Lankan','Male','1930-07-11 20:08:43','7 Westend Drive','Washington','District of Columbia','81412','202-694-0095',7),('Coombe','Nancey','Taiwanese','Agender','2000-09-02 11:00:58','4 Mitchell Circle','Dallas','Texas','57964','214-404-5360',8),('Denford','Tabbitha','Colville','Female','2000-08-24 05:50:53','5 Stoughton Place','Detroit','Michigan','71034','313-584-2706',9),('Hearst','Adiana','Puget Sound Salish','Female','1930-05-31 22:09:53','22861 Harbort Road','Washington','District of Columbia','93702','202-995-8353',10),('Rushford','Gunner','Ecuadorian','Genderfluid','2012-01-22 02:33:36','768 Carioca Pass','Alexandria','Virginia','96581','202-621-4023',11),('Rodda','Cort','Paraguayan','Genderqueer','2018-09-03 22:00:46','48684 Westend Lane','San Jose','California','24858','408-320-2312',12),('Shenton','Addia','Dominican (Dominican Republic)','Genderfluid','1925-04-12 03:22:26','57 Alpine Pass','Columbus','Ohio','97209','614-493-3153',13),('Ogilvy','Amalee','Samoan','Female','2014-01-19 19:10:57','17 Tomscot Drive','Houston','Texas','59424','979-987-3912',14),('Mabley','Chiarra','Navajo','Bigender','1997-02-24 08:48:46','8995 Dovetail Court','Naples','Florida','16916','305-944-9198',15),('Baden','Herschel','Costa Rican','Male','1960-07-08 08:10:41','8 Sachtjen Terrace','Indianapolis','Indiana','72562','317-150-7447',16),('Pattie','Jonas','Puerto Rican','Polygender','1971-01-02 20:24:20','926 Sunnyside Road','Fort Lauderdale','Florida','89001','754-524-4785',17),('Pulham','Boigie','American Indian and Alaska Native (AIAN)','Female','1953-02-16 13:53:18','6274 Old Gate Center','Young America','Minnesota','25798','952-578-8216',18),('Mabey','Shelby','Shoshone','Male','1955-10-21 11:33:00','654 2nd Street','Pittsburgh','Pennsylvania','87237','412-975-6727',19),('Dyball','Aubine','Yuman','Non-binary','1931-07-06 08:12:55','3479 Melody Terrace','Dallas','Texas','64337','214-736-9545',20),('Bonome','Mella','Black or African American','Genderqueer','1951-01-04 04:18:26','7 Pepper Wood Point','Amarillo','Texas','11683','806-703-8834',21),('Hackey','Cash','Argentinian','Non-binary','1936-08-02 03:46:14','0493 Chive Alley','Jamaica','New York','88760','917-392-5998',22),('Oliff','Elvis','Bangladeshi','Polygender','2002-04-26 20:17:20','25271 Quincy Point','Louisville','Kentucky','31348','502-666-9606',23),('Aronson','Urbain','Micronesian','Non-binary','2015-12-07 03:15:23','55 Katie Center','Jamaica','New York','83599','212-455-5907',24),('Rassmann','Harmony','Menominee','Agender','1973-09-24 01:06:43','416 Haas Lane','Salt Lake City','Utah','59935','801-462-3311',25),('Caunt','Fanya','Ottawa','Bigender','1922-09-01 04:11:01','064 Mccormick Pass','Greenville','South Carolina','07975','864-808-6456',26),('McGhee','Filippo','Samoan','Genderfluid','1988-08-23 14:39:34','911 Lukken Circle','Knoxville','Tennessee','39959','865-358-5562',27),('Colebeck','Arlen','Ute','Non-binary','2011-02-25 01:12:37','59817 Meadow Valley Alley','Wilkes Barre','Pennsylvania','01894','570-788-5570',28),('Frazier','Olag','Puerto Rican','Genderfluid','1987-04-17 03:16:42','7 Acker Trail','Detroit','Michigan','56287','248-122-4333',29),('Naismith','Law','Cheyenne','Agender','1926-07-15 20:29:09','170 Dexter Circle','Oakland','California','89764','510-718-4054',30),('Westlake','Nickie','Aleut','Male','1994-07-16 17:04:51','166 Anderson Plaza','Pittsburgh','Pennsylvania','90353','412-179-7599',31),('Gendricke','Ali','Thai','Male','1975-09-03 02:43:38','70872 Dexter Trail','Lynn','Massachusetts','54168','781-847-5495',32),('Peacham','Oralee','Alaska Native','Agender','1988-10-11 23:46:02','1044 Thompson Street','Grand Forks','North Dakota','07404','701-926-1972',33),('Maryin','Ingamar','Chilean','Agender','1927-04-27 12:50:49','020 Thompson Avenue','Jackson','Tennessee','64202','731-996-0655',34),('Carlo','Chiquita','Bolivian','Bigender','1980-02-05 21:18:59','74573 Clyde Gallagher Road','Raleigh','North Carolina','67561','919-324-4493',35),('Fidilis','Conn','Dominican (Dominican Republic)','Male','2011-02-28 15:05:10','786 Forster Terrace','Baltimore','Maryland','22234','410-664-9844',36),('Click','Gabriello','Asian','Male','1999-09-08 13:51:25','21252 Logan Point','San Francisco','California','45630','415-770-5704',37),('McGuiney','Risa','Honduran','Female','1962-08-08 14:05:36','25863 Oak Place','El Paso','Texas','78223','915-683-8325',38),('Cotes','Jeane','Apache','Genderfluid','1969-01-28 04:10:42','75667 Dryden Court','Irvine','California','20302','714-263-2903',39),('Hew','Piotr','Kiowa','Bigender','2017-11-04 03:15:14','2849 Calypso Plaza','Port Charlotte','Florida','93323','941-295-1993',40),('Marle','Carmina','Alaska Native','Non-binary','2017-11-21 07:25:20','8032 Coleman Parkway','Metairie','Louisiana','39912','504-797-3189',41),('Ferretti','Armand','Yakama','Genderqueer','1985-07-01 00:41:58','178 Sunfield Place','Kent','Washington','52616','360-994-4380',42),('Snoad','Austin','American Indian','Bigender','1974-12-14 19:29:11','6 Buell Terrace','Louisville','Kentucky','16896','502-112-6820',43),('Southard','Garrot','Spaniard','Agender','1975-05-14 06:44:32','22 Lakeland Hill','Tucson','Arizona','90451','520-831-5214',44),('Kelberer','Aron','Pueblo','Genderqueer','1926-12-18 10:20:52','0657 Hermina Terrace','Laurel','Maryland','79394','301-858-1315',45),('Lambin','Carr','Black or African American','Non-binary','1959-07-01 15:30:38','6 Donald Lane','Boston','Massachusetts','04713','978-404-8514',46),('Cudbertson','Bellanca','Tongan','Genderqueer','1953-02-17 10:08:13','6025 Sachs Circle','Bradenton','Florida','72363','941-138-2959',47),('Lockier','Stinky','Creek','Non-binary','1936-10-05 08:36:13','086 Hallows Place','Houston','Texas','42713','281-887-7051',48),('Flageul','Cesya','Tongan','Non-binary','1978-12-02 06:46:01','3895 Comanche Way','Roanoke','Virginia','86025','540-302-0262',49),('Gringley','Hamish','Tongan','Female','1967-10-28 05:10:36','456 Fairfield Lane','Lima','Ohio','58350','419-350-5214',50),('Brushfield','Sibella','Korean','Genderqueer','1995-09-03 00:37:21','07828 Schmedeman Place','Chicago','Illinois','45825','773-846-4100',51),('Sowrah','Lyle','Shoshone','Non-binary','1925-04-22 10:22:16','53 Helena Way','Topeka','Kansas','75563','785-482-9344',52),('Eacott','Gerrard','Japanese','Non-binary','1954-09-20 13:58:24','6 Truax Alley','Cleveland','Ohio','88634','216-330-5046',53),('Fordy','Mill','Polynesian','Agender','1992-01-27 00:01:48','5 Everett Drive','Baton Rouge','Louisiana','51173','225-503-3121',54),('Cacacie','Teodorico','Ottawa','Polygender','2008-07-27 19:32:52','4 Kings Parkway','Phoenix','Arizona','02746','602-263-3483',55),('Grinaway','Hollie','Menominee','Genderqueer','1938-05-22 14:26:20','998 Fair Oaks Place','San Diego','California','20151','619-555-7462',56),('Dalley','Dorothy','Alaskan Athabascan','Female','1941-02-06 16:29:26','60061 Twin Pines Point','Portland','Oregon','34426','503-359-0213',57),('Jerschke','Garret','Ottawa','Genderfluid','2003-01-20 22:40:27','1 Moland Crossing','Sacramento','California','54696','916-878-0125',58),('Petrello','Darice','Bolivian','Male','1931-04-26 05:49:54','487 Eastwood Center','Louisville','Kentucky','96661','502-487-3148',59),('Clutton','Hedwiga','Choctaw','Male','2016-05-25 13:40:37','7 Maple Wood Road','Springfield','Illinois','22868','217-711-7566',60),('Krysztofiak','Avivah','Yakama','Agender','2002-07-07 09:46:54','50 Tony Avenue','Carol Stream','Illinois','13137','309-887-3412',61),('Boyer','Emanuele','Latin American Indian','Male','1987-11-03 05:57:55','0 Jana Parkway','Houston','Texas','88938','281-803-8814',62),('Trembey','Lynnette','Salvadoran','Bigender','1942-01-20 13:03:57','7414 Orin Park','Cincinnati','Ohio','42949','513-764-2131',63),('Trustrie','Ruthi','Guamanian','Genderqueer','2004-06-14 19:44:27','6318 Northport Park','Fayetteville','North Carolina','57077','910-512-0165',64),('Kabos','Emory','Cambodian','Genderqueer','1986-06-25 07:21:15','51 Chinook Pass','Kissimmee','Florida','75262','407-449-8626',65),('Tidder','Baryram','Bangladeshi','Bigender','2014-09-01 13:48:46','82 Ruskin Center','Columbus','Ohio','18607','614-968-7372',66),('MacTrusty','Gardy','Peruvian','Male','1979-06-20 10:22:00','99 Talmadge Center','Houston','Texas','45607','281-900-0594',67),('Budgen','Oralee','Blackfeet','Non-binary','1970-04-16 23:44:32','654 Lakewood Parkway','San Antonio','Texas','33361','210-187-0599',68),('Murrie','Martina','Navajo','Polygender','1963-11-07 19:23:25','695 Union Park','Bradenton','Florida','89852','941-591-8144',69),('Bodycote','Dan','Bolivian','Male','1975-03-03 08:02:16','087 Heffernan Trail','Jacksonville','Florida','56512','904-811-3534',70),('Cripps','Bendite','Comanche','Genderfluid','2019-11-16 03:21:54','72 Cambridge Way','Washington','District of Columbia','65617','202-571-5731',71),('Terry','Biddie','Paraguayan','Male','2020-08-12 17:39:58','9 Red Cloud Circle','Denver','Colorado','91442','720-885-1491',72),('Malling','Alexandros','Cherokee','Polygender','1985-09-02 12:17:14','150 Rigney Park','Baltimore','Maryland','04765','410-172-3300',73),('Tarburn','Caz','Menominee','Genderqueer','1948-09-12 20:57:22','0606 Schmedeman Point','Murfreesboro','Tennessee','46611','615-575-6652',74),('Yarranton','Yanaton','Indonesian','Genderfluid','1956-08-28 01:39:47','10 Helena Place','Duluth','Georgia','90793','404-405-3472',75),('Apdell','Carita','Kiowa','Agender','1995-01-20 07:24:53','5542 Stuart Place','Austin','Texas','20523','512-230-2291',76),('Shaul','Ricard','Puget Sound Salish','Polygender','2008-05-19 00:20:18','7 7th Pass','San Francisco','California','33487','858-968-7004',77),('Annes','Jonie','Crow','Non-binary','1984-08-11 12:35:10','9925 Pankratz Road','Daytona Beach','Florida','82666','386-122-0792',78),('Pudsall','Gwen','Uruguayan','Polygender','1984-01-24 21:13:14','4 Transport Parkway','Springfield','Illinois','94352','217-843-3494',79),('Reuter','Patrizio','Cree','Male','1943-08-26 23:28:37','434 Bunker Hill Alley','Van Nuys','California','46626','213-637-9393',80),('Stammler','Abra','Alaska Native','Bigender','1973-12-10 13:04:32','435 Crownhardt Street','Toledo','Ohio','26597','419-263-9167',81),('Mathews','Jacquie','Tongan','Polygender','2008-10-08 13:20:40','86 Prairieview Lane','Topeka','Kansas','45199','785-355-8379',82),('MacGray','Danyette','Chilean','Genderfluid','1971-05-18 22:54:11','22 Dottie Alley','Orange','California','98997','949-372-3387',83),('Leates','Saidee','Cree','Male','1952-01-12 02:54:35','465 Westridge Hill','Denton','Texas','77382','940-685-8730',84),('Kidwell','Jo','Chippewa','Female','1924-06-23 22:15:14','6 Schmedeman Park','Wilmington','Delaware','23953','302-951-1834',85),('Polglase','Dacy','Thai','Bigender','1954-09-14 15:14:47','852 Westend Crossing','Fort Smith','Arkansas','54289','479-798-9863',86),('Hulke','Faith','Chamorro','Male','2006-11-24 19:49:26','0 Elmside Drive','Portland','Oregon','53599','971-452-0486',87),('Adrianello','Ernie','Fijian','Polygender','1968-04-02 17:37:46','2 High Crossing Alley','Richmond','Virginia','37472','804-838-2289',88),('Rolfi','Harlin','Chilean','Male','1998-05-17 15:07:25','78160 Derek Pass','Washington','District of Columbia','06969','202-699-8086',89),('MacCracken','Eugen','Ottawa','Genderfluid','1924-03-26 11:33:08','526 Laurel Drive','Newark','New Jersey','83890','862-946-6658',90),('Whisson','Tani','Ecuadorian','Genderqueer','1949-03-11 17:29:10','80297 Petterle Alley','Pasadena','California','46361','626-316-9698',91),('Baylis','Darice','Taiwanese','Female','2014-08-19 04:07:25','6229 Mccormick Drive','Austin','Texas','29947','512-722-6233',92),('McPhillips','Vidovik','Colombian','Agender','1999-03-03 19:43:07','822 Petterle Way','Homestead','Florida','90285','305-222-0336',93),('Spraggs','Jeane','Uruguayan','Non-binary','1974-08-21 21:23:12','8414 Schurz Place','Indianapolis','Indiana','20425','317-628-8210',94),('Neilly','Susannah','Sri Lankan','Bigender','1920-02-11 06:50:26','09989 School Avenue','Apache Junction','Arizona','30088','480-182-6466',95),('Redd','Horatio','American Indian','Male','1973-09-02 20:47:58','454 Miller Way','Knoxville','Tennessee','67867','865-114-3009',96),('Jehu','Lori','Iroquois','Polygender','1983-01-01 08:18:30','2867 Northview Circle','Indianapolis','Indiana','10696','317-427-3408',97),('Bracchi','Keane','Colombian','Genderqueer','2003-02-11 08:42:58','042 Fairview Trail','Saint Louis','Missouri','74334','314-893-4578',98),('Tomlinson','Ariela','Peruvian','Male','1961-04-06 05:02:41','78 Lighthouse Bay Circle','Memphis','Tennessee','21702','901-110-8119',99),('Wellbelove','Kellby','Polynesian','Non-binary','1968-06-03 13:11:24','76 La Follette Place','Long Beach','California','40819','323-375-1424',100),('Vellden','Kizzee','Eskimo','Non-binary','1999-02-28 03:46:07','5299 Maywood Alley','Arlington','Texas','25645','682-863-8665',101),('Lamputt','Cindy','Indonesian','Agender','2016-07-06 00:10:12','63 Hudson Hill','Oklahoma City','Oklahoma','83796','405-687-4473',102),('Quarry','Alair','Navajo','Polygender','1973-07-02 03:47:15','095 Kropf Street','Kissimmee','Florida','85200','407-236-8712',103),('Littlewood','Tamarra','South American','Genderfluid','1960-10-25 01:27:08','7 Southridge Drive','Lincoln','Nebraska','80030','402-823-5867',104),('Whartonby','Sheila-kathryn','Colville','Male','1979-12-17 18:54:11','0447 Cardinal Way','Springfield','Illinois','18553','217-257-7287',105),('Hugnet','Bondy','Colville','Agender','1933-09-22 00:40:27','311 Quincy Trail','Honolulu','Hawaii','83864','808-890-5707',106),('Astles','Martguerita','Asian Indian','Non-binary','1935-02-06 05:38:04','40 Ridge Oak Court','Fargo','North Dakota','27353','701-143-6508',107),('Gyse','Bria','Yakama','Female','1995-04-17 14:50:08','03192 American Ash Court','San Bernardino','California','60992','909-708-3281',108),('Hollows','Elsy','Chickasaw','Bigender','1961-05-09 18:33:10','1364 Huxley Point','Redwood City','California','66133','650-670-3518',109),('Howick','Marthe','Sri Lankan','Female','1983-12-11 20:58:47','503 Melody Point','Cincinnati','Ohio','36931','513-981-6780',110),('Lockner','Valaree','Shoshone','Female','1991-11-02 11:20:47','0 Namekagon Street','Washington','District of Columbia','54135','202-590-7278',111),('Seldon','Vaclav','American Indian and Alaska Native (AIAN)','Male','1984-03-21 13:24:00','74818 Moulton Avenue','Vancouver','Washington','40923','360-288-0223',112),('Parbrook','Teddie','American Indian and Alaska Native (AIAN)','Genderqueer','2000-05-18 19:11:21','35 Londonderry Hill','Battle Creek','Michigan','48594','269-596-2902',113),('Hudghton','Melina','Colombian','Polygender','1979-01-19 20:18:40','77123 Vidon Parkway','Springfield','Missouri','57444','417-309-0539',114),('Minihan','Raf','Pueblo','Female','1980-04-18 07:36:29','6 Scoville Place','Providence','Rhode Island','93186','401-294-7012',115),('Manchester','Calley','Central American','Bigender','1932-01-28 02:52:37','597 Bay Crossing','Portland','Oregon','10491','503-896-7038',116),('Monketon','Jocko','Pima','Non-binary','2003-02-20 10:22:26','779 Fair Oaks Center','San Francisco','California','56197','415-854-6119',117),('Leicester','Angelique','Chamorro','Non-binary','2006-05-02 15:04:23','45 Brickson Park Circle','Hartford','Connecticut','02921','860-933-9965',118),('Shreeve','Tina','American Indian','Polygender','1997-10-29 08:50:43','4784 Barnett Crossing','Chicago','Illinois','26420','773-125-4390',119),('Spatoni','Raphael','Creek','Genderfluid','1993-12-17 16:37:58','6727 Mendota Circle','New Haven','Connecticut','25453','203-202-6433',120),('Frigot','Way','Panamanian','Male','2017-01-15 04:52:19','1982 Walton Plaza','Cincinnati','Ohio','84340','513-948-9412',121),('Slide','Moira','Cambodian','Female','1931-04-01 22:46:09','43759 Spohn Park','North Las Vegas','Nevada','11048','702-228-5343',122),('Bande','Caesar','Comanche','Non-binary','1974-06-19 12:52:05','6094 Pine View Hill','Chicago','Illinois','46698','773-276-8858',123),('Garnett','Sonnie','Ecuadorian','Non-binary','1924-09-28 08:40:31','2862 Cottonwood Place','Corpus Christi','Texas','73567','361-359-7054',124),('Corney','Torrey','Paraguayan','Genderfluid','1985-08-03 01:19:53','6 Marquette Circle','Philadelphia','Pennsylvania','88128','215-264-7463',125),('Jarman','Pate','Japanese','Female','1950-10-25 05:31:14','068 Mendota Center','Sacramento','California','12832','916-214-5873',126),('Hunting','Hayward','Potawatomi','Female','1926-02-06 18:57:37','43457 Ridgeway Hill','Clearwater','Florida','06885','813-970-2774',127),('Bedbury','Dynah','Salvadoran','Male','1921-12-08 01:00:32','150 Mesta Plaza','El Paso','Texas','19696','915-518-7547',128),('Wibrew','Conan','Ute','Polygender','2014-08-04 12:43:03','465 Charing Cross Point','Richmond','Virginia','69532','804-320-8035',129),('Minucci','Hugh','Spaniard','Non-binary','1995-08-02 18:18:43','2488 Melby Way','Washington','District of Columbia','28219','202-803-2579',130),('Kubas','Laurice','Ecuadorian','Bigender','1960-02-03 11:26:56','048 Almo Court','New York City','New York','85516','718-530-7568',131),('Plenty','Nelle','Creek','Genderqueer','1947-07-15 00:06:01','1 Park Meadow Park','Carlsbad','California','79399','760-920-9703',132),('Longfellow','Raina','Asian','Non-binary','1968-05-29 18:50:36','396 Sullivan Drive','Sacramento','California','05341','916-426-5924',133),('McBeath','Kay','Malaysian','Non-binary','1930-02-01 08:20:57','1 Kipling Pass','Baltimore','Maryland','22534','410-914-9293',134),('Liggins','Casandra','American Indian and Alaska Native (AIAN)','Genderqueer','1994-07-19 11:23:54','39 Weeping Birch Point','Jamaica','New York','43263','917-386-7470',135),('Dunk','Herminia','Tohono O\'Odham','Non-binary','1943-10-03 19:49:10','2451 Mockingbird Park','Indianapolis','Indiana','59586','317-998-9112',136),('Kopfen','Rourke','Kiowa','Genderfluid','1926-03-13 02:43:36','7 Larry Point','Las Vegas','Nevada','68980','702-210-8692',137),('Duding','Estel','Samoan','Male','1943-08-02 10:29:28','53483 Luster Center','Glendale','California','62523','818-536-2060',138),('MacAlister','Blondell','Ute','Male','1943-03-25 01:47:28','476 Lakeland Avenue','Oklahoma City','Oklahoma','24423','405-471-5882',139),('Ephson','Nils','Micronesian','Genderqueer','1970-02-13 08:20:22','31079 Trailsway Plaza','Dallas','Texas','69868','214-663-3989',140),('Borrott','Haroun','Filipino','Genderqueer','2006-06-03 11:19:25','117 Killdeer Hill','Ogden','Utah','16305','801-913-9187',141),('Apps','Kimbell','Salvadoran','Genderfluid','1993-11-02 09:58:51','45904 Carey Street','Sacramento','California','59655','916-812-2304',142),('Haill','Blake','Puget Sound Salish','Male','1944-05-02 13:27:12','68863 Declaration Road','Palatine','Illinois','52624','847-164-1062',143),('Palomba','Kevon','Nicaraguan','Male','1923-08-31 23:50:55','889 Melrose Hill','Sparks','Nevada','76012','775-324-6467',144),('Fiddler','Vergil','Salvadoran','Male','2011-01-06 16:07:45','924 Paget Crossing','Aurora','Colorado','18191','303-320-7009',145),('Emanueli','Randee','Seminole','Agender','1933-01-27 03:59:57','91409 Sycamore Center','Riverside','California','10983','909-417-5027',146),('Larkin','Weidar','Thai','Polygender','1979-10-21 22:27:42','2013 Meadow Vale Alley','Chicago','Illinois','36800','773-713-1384',147),('Beuscher','Irita','Seminole','Polygender','1981-02-24 04:31:08','48 Cascade Point','Los Angeles','California','61564','213-745-0474',148),('Mayze','Beatrice','Pakistani','Female','1963-04-23 02:13:29','3609 Golf View Circle','Baltimore','Maryland','55596','410-829-4180',149),('Neiland','Elli','Bangladeshi','Genderfluid','1955-06-19 04:07:22','40 Dakota Point','Levittown','Pennsylvania','73816','267-994-8884',150),('Durdan','Jada','Iroquois','Genderfluid','2014-07-30 11:33:16','8582 Nelson Way','Memphis','Tennessee','29513','901-506-3636',151),('Pettegree','Shay','Laotian','Female','1929-11-20 08:10:34','808 Rigney Circle','Anchorage','Alaska','33543','907-316-7796',152),('Dignan','Obediah','Native Hawaiian and Other Pacific Islander (NHPI)','Genderfluid','2003-04-01 03:50:37','306 Anhalt Alley','Sparks','Nevada','91267','775-239-0690',153),('Snowdon','Evin','Chilean','Female','1926-12-03 03:06:36','81108 Truax Parkway','Houston','Texas','15383','281-560-8826',154),('Albery','Julio','Latin American Indian','Genderfluid','1993-05-08 08:20:57','27 Jana Point','San Francisco','California','71718','415-718-6171',155),('Epple','Janos','Menominee','Non-binary','1968-08-30 11:19:03','8906 Marcy Drive','Lincoln','Nebraska','20882','402-185-3389',156),('Tomasino','Hoyt','Menominee','Male','1950-09-14 12:06:37','0 Huxley Street','Indianapolis','Indiana','78534','317-682-6885',157),('Menel','Amos','Bolivian','Agender','1975-12-21 11:41:18','7795 Moland Road','Naperville','Illinois','33046','630-751-3690',158),('Aberkirdo','Reinaldo','Ute','Non-binary','1975-06-11 04:33:37','3093 Clemons Terrace','Fresno','California','41305','559-302-1972',159),('Winspire','Cam','Ottawa','Non-binary','1965-10-31 11:02:49','91 Anhalt Park','Denver','Colorado','65216','303-511-8813',160),('Clandillon','Blakelee','Dominican (Dominican Republic)','Male','2017-02-17 08:51:02','80 Butternut Crossing','Las Vegas','Nevada','88205','702-255-8447',161),('Soal','Annabella','Sioux','Polygender','1996-12-22 08:20:29','83080 Macpherson Alley','Memphis','Tennessee','09543','901-979-8801',162),('Reisin','Ruthie','Latin American Indian','Bigender','1938-03-10 08:51:23','625 Moose Way','Reno','Nevada','14635','775-811-9898',163),('Gwilliams','Sherri','Chippewa','Female','1967-09-13 18:13:59','8156 Dahle Hill','Portland','Oregon','17788','503-649-0503',164),('Lenaghen','Jasun','Creek','Genderfluid','1955-11-28 01:35:13','4781 Packers Place','Philadelphia','Pennsylvania','12823','215-292-3123',165),('Norster','Travis','Laotian','Non-binary','1984-08-15 22:33:07','85749 Di Loreto Avenue','Riverside','California','86344','951-165-7536',166),('Champerlen','Pearle','Kiowa','Male','1954-09-19 11:44:44','955 Birchwood Alley','Salt Lake City','Utah','61001','801-991-6090',167),('Mather','Shandee','Blackfeet','Genderfluid','1970-11-18 22:41:16','197 Schlimgen Lane','Chicago','Illinois','50761','312-498-8795',168),('McGinlay','Ambros','Filipino','Male','1957-07-25 04:05:29','3 Thompson Pass','Fort Lauderdale','Florida','00366','954-953-4115',169),('Rivard','Eldridge','Argentinian','Genderfluid','1975-03-16 02:34:08','3129 Banding Terrace','Charleston','West Virginia','67186','304-413-0671',170),('Millier','Ramsay','Fijian','Polygender','2002-10-18 01:11:25','98 Westend Lane','Birmingham','Alabama','73151','205-250-4919',171),('Arber','Briant','Paiute','Non-binary','2017-08-02 13:36:43','14438 Dayton Street','Glendale','California','29672','323-922-3781',172),('Temperley','Basia','American Indian and Alaska Native (AIAN)','Polygender','1964-06-22 22:24:33','36148 Drewry Alley','New Haven','Connecticut','34582','203-207-0271',173),('Van der Velden','Brantley','American Indian','Agender','1925-01-18 11:06:32','2143 Erie Park','Fort Lauderdale','Florida','01834','954-448-5676',174),('Nutbeem','Halsy','Yuman','Bigender','1988-08-01 21:49:42','8 Hayes Pass','Lynn','Massachusetts','33530','339-388-4828',175),('Gatherer','Elbert','Puget Sound Salish','Female','1946-06-14 04:33:30','95933 Johnson Court','Louisville','Kentucky','73409','502-337-7302',176),('Varran','Christopher','Chamorro','Male','2005-09-04 10:04:24','33414 Stoughton Court','Kansas City','Kansas','56582','913-354-3830',177),('Chinery','Ronnica','Central American','Male','1993-09-26 12:48:49','8 Porter Trail','Tulsa','Oklahoma','44383','918-512-0260',178),('Shirtcliffe','Koren','White','Polygender','2000-02-22 03:31:19','012 Arkansas Court','Colorado Springs','Colorado','10888','719-722-5340',179),('Baroch','Trent','Houma','Male','1945-10-28 17:23:20','1774 Cambridge Crossing','Wilmington','Delaware','53250','302-966-0432',180),('Belitz','Will','Pueblo','Genderfluid','1954-07-03 17:34:16','60 Eastlawn Way','Kingsport','Tennessee','09606','423-290-3452',181),('McMeanma','Lynett','Korean','Male','1972-04-17 17:00:12','29 Lien Plaza','Myrtle Beach','South Carolina','66455','843-956-4896',182),('Willeson','Marybelle','Hmong','Genderfluid','1979-09-22 12:50:44','6 Westend Avenue','Irving','Texas','14990','214-130-8384',183),('Lamblot','Roldan','Cuban','Male','1972-02-14 17:47:06','7125 Melrose Way','Naples','Florida','07187','239-756-7837',184),('Upham','Nerti','Laotian','Male','1935-01-28 05:20:00','07 Independence Center','Albuquerque','New Mexico','58282','505-825-9645',185),('Pitford','Sherie','Sioux','Polygender','1997-07-22 01:07:14','9 Sunnyside Lane','Philadelphia','Pennsylvania','41111','215-583-1870',186),('Towlson','Adrianne','Ecuadorian','Genderfluid','1921-10-05 00:51:13','276 Dahle Court','Lincoln','Nebraska','22669','402-266-8307',187),('Ryce','Bo','South American','Non-binary','1969-09-26 20:53:52','033 Monument Court','Great Neck','New York','93062','516-628-7871',188),('Misk','Auroora','Puerto Rican','Agender','2020-09-20 21:11:57','112 Porter Drive','Tucson','Arizona','97941','520-340-6288',189),('Stefi','Shepperd','Tlingit-Haida','Bigender','1978-03-03 00:30:03','570 Golf View Alley','Colorado Springs','Colorado','44657','719-436-1297',190),('Clutram','Nissie','Honduran','Agender','1997-02-25 04:47:03','41 Garrison Pass','Spokane','Washington','26136','509-796-3510',191),('Wooller','Sergei','South American','Male','1932-11-02 22:16:51','66026 Morningstar Point','Salinas','California','28811','831-528-1561',192),('Gentery','Alvin','Chippewa','Polygender','1955-12-09 23:15:20','02 Rigney Hill','Boca Raton','Florida','86619','954-671-1070',193),('Shilling','Viviene','Chippewa','Female','1986-11-23 16:59:56','1 Eagan Parkway','New Orleans','Louisiana','25001','504-233-1635',194),('Wastie','Lorie','Apache','Agender','1969-02-18 22:28:20','44268 Donald Center','Memphis','Tennessee','62525','901-376-4361',195),('Roth','Gwenneth','Puget Sound Salish','Genderqueer','1998-08-02 11:20:22','46 Chive Junction','Fort Worth','Texas','45004','817-620-0450',196),('Ortell','Quintilla','Pueblo','Non-binary','1923-11-20 01:17:05','06 Manitowish Plaza','Sacramento','California','30444','916-121-1635',197),('Rossiter','Robbi','Native Hawaiian','Genderqueer','1984-03-05 10:47:12','792 Bellgrove Plaza','Redwood City','California','30221','650-898-6704',198),('Robertacci','Byran','Puerto Rican','Female','1939-07-09 05:23:31','74595 Linden Crossing','Little Rock','Arkansas','12780','501-965-7931',199),('Ennor','Petronille','Shoshone','Female','1946-07-01 07:25:58','014 Namekagon Avenue','Chattanooga','Tennessee','49770','423-891-5429',200),('Deason','Hynda','Taiwanese','Male','1925-11-27 07:27:18','0 Brentwood Road','Oklahoma City','Oklahoma','21643','405-520-7028',201),('Ravel','Courtnay','Houma','Genderfluid','1925-06-26 18:12:36','18359 Anhalt Way','Conroe','Texas','73356','936-727-8755',202),('Newham','Eleni','Yuman','Genderqueer','1944-05-06 05:42:59','7 Cardinal Terrace','Charleston','South Carolina','15325','843-395-3814',203),('Inchbald','Haze','Micronesian','Genderqueer','1977-10-15 03:08:25','54 Springs Crossing','Torrance','California','50182','818-341-2637',204),('Ertel','Murdoch','Hmong','Agender','1920-12-11 00:09:15','168 Helena Parkway','Dallas','Texas','51418','214-288-9180',205),('Dosdale','Latrena','Puget Sound Salish','Bigender','1938-07-08 02:02:44','09 Morrow Alley','Mobile','Alabama','91053','251-682-3819',206),('Bilston','Hunter','Eskimo','Agender','1923-04-07 20:13:28','4927 La Follette Circle','Maple Plain','Minnesota','18366','952-728-6647',207),('Oscroft','Che','Thai','Genderqueer','2005-04-24 22:44:21','70 Westport Lane','Greensboro','North Carolina','65658','336-610-2887',208),('Peyzer','Byram','Cheyenne','Female','1961-05-24 06:19:20','69 Eastlawn Point','Nashville','Tennessee','24212','615-586-4047',209),('Harriday','Shayla','Cheyenne','Polygender','1971-05-21 23:35:27','3010 Stuart Point','South Bend','Indiana','56959','574-485-1205',210),('Pimblett','Aubree','Uruguayan','Female','2006-10-20 16:45:39','0866 Little Fleur Alley','Albany','New York','23623','518-417-1538',211),('McBayne','Lindsey','Blackfeet','Female','1983-10-11 17:01:33','324 Coolidge Pass','New York City','New York','05421','646-365-2551',212),('Cubbit','Gianna','Sri Lankan','Non-binary','2000-11-27 02:38:01','420 Fisk Road','Colorado Springs','Colorado','90070','719-590-5627',213),('Garaghan','Donnell','Tongan','Bigender','1977-08-26 21:55:13','5 Iowa Trail','Augusta','Georgia','46503','706-955-2053',214),('Aliberti','Beau','Seminole','Genderqueer','1976-04-20 14:00:39','04 Nelson Pass','Montgomery','Alabama','71090','334-371-9894',215),('Ridwood','Mercie','Cheyenne','Non-binary','2002-02-20 01:51:53','49461 Morrow Drive','El Paso','Texas','36117','915-550-9701',216),('Wollers','Fanchette','Bolivian','Bigender','1921-04-14 14:23:20','58207 Manley Crossing','New York City','New York','17419','212-956-1906',217),('Rayner','Cross','Shoshone','Polygender','2008-06-14 17:44:58','6163 Barby Road','Inglewood','California','02132','310-602-2026',218),('Alenshev','Darelle','Malaysian','Bigender','1936-08-12 19:52:49','6 Golf Avenue','Loretto','Minnesota','45800','763-367-3843',219),('Braganca','Shaw','Houma','Agender','1974-08-21 05:51:43','27 Butternut Point','Tampa','Florida','39514','813-254-3548',220),('Blackborne','Kristina','Latin American Indian','Male','1954-06-02 11:36:27','481 Jenifer Avenue','Tyler','Texas','05340','903-790-6176',221),('Wellwood','Corabelle','Blackfeet','Female','1974-06-29 23:13:19','82511 Pleasure Drive','Minneapolis','Minnesota','25067','952-571-9686',222),('Northrop','Foss','Iroquois','Bigender','1964-03-29 13:13:10','9197 Schiller Parkway','Salt Lake City','Utah','44708','801-156-7722',223),('Nichol','Monica','Yuman','Male','2005-08-29 23:21:21','537 Hayes Pass','Charlotte','North Carolina','12673','704-467-5069',224),('Findon','Gerianna','Costa Rican','Polygender','1948-09-18 03:05:34','67 Londonderry Plaza','Waterbury','Connecticut','89089','203-572-9008',225),('Oldland','Edan','Native Hawaiian and Other Pacific Islander (NHPI)','Genderfluid','2013-08-03 11:54:34','57 Melby Hill','Omaha','Nebraska','58687','402-502-0107',226),('Klimuk','Ericka','Cherokee','Genderfluid','2001-09-08 22:06:06','3 Pawling Junction','Greensboro','North Carolina','55211','336-213-0759',227),('Pactat','Granger','Cheyenne','Male','2018-10-20 12:26:42','4 Twin Pines Court','Atlanta','Georgia','38694','770-395-3033',228),('Cabotto','Corrianne','Eskimo','Genderqueer','1942-03-29 10:55:15','3 Mitchell Hill','Oklahoma City','Oklahoma','30280','405-295-4512',229),('Burgne','Elsa','Bangladeshi','Bigender','2011-06-14 05:04:02','82 Jana Hill','Miami','Florida','80177','305-576-5308',230),('Watkiss','Michaelina','Taiwanese','Polygender','1973-06-17 13:51:38','67509 Ryan Court','Youngstown','Ohio','07787','330-272-6439',231),('Shrigley','Lucille','Malaysian','Non-binary','1950-12-12 02:48:36','83 Melby Place','Grand Junction','Colorado','79643','970-259-1300',232),('Leal','Bev','Ute','Genderqueer','2005-10-12 23:52:41','684 Hallows Crossing','Baltimore','Maryland','88764','410-138-4801',233),('Bygott','Murdoch','Nicaraguan','Genderqueer','1952-01-10 08:29:25','2946 Hanson Plaza','Santa Barbara','California','76082','702-943-5860',234),('Chapelhow','Anthia','Menominee','Bigender','2013-08-01 12:37:08','65 Rieder Plaza','Springfield','Missouri','70903','417-618-6449',235),('De la Perrelle','Stanfield','Apache','Polygender','1950-04-11 11:15:24','4 Packers Center','Carson City','Nevada','85617','775-370-6600',236),('Safe','Wilfrid','Vietnamese','Non-binary','1940-02-10 07:09:47','19227 Bartelt Circle','Duluth','Minnesota','77597','218-988-8898',237),('Halliday','Ave','Blackfeet','Polygender','1967-05-05 12:04:23','905 Bayside Drive','Des Moines','Iowa','91886','515-993-6495',238),('MacSporran','Cleavland','Puget Sound Salish','Agender','2005-05-27 05:44:27','6 Meadow Vale Center','Dallas','Texas','59396','214-246-7784',239),('Noell','Romola','Native Hawaiian and Other Pacific Islander (NHPI)','Agender','1923-11-14 00:20:48','71472 Redwing Parkway','Ashburn','Virginia','02805','571-472-5790',240),('Wynes','Toddy','Central American','Female','1964-03-18 19:39:31','85755 Schiller Hill','Greenville','South Carolina','79197','864-666-4013',241),('Raisbeck','Adelaida','Alaska Native','Male','1964-06-11 11:29:10','6 Merrick Drive','Baton Rouge','Louisiana','30115','225-154-8743',242),('Milroy','Darby','Fijian','Non-binary','1967-03-08 20:20:37','16962 Manufacturers Pass','Gaithersburg','Maryland','05351','240-303-8991',243),('Tattersfield','Paulette','Lumbee','Genderqueer','1978-10-17 00:15:58','31 Hooker Street','Chattanooga','Tennessee','91967','423-595-3797',244),('Neicho','Hamid','Paiute','Bigender','1930-04-08 19:17:22','384 Grim Court','Brooklyn','New York','10995','718-790-7559',245),('Iacobini','Milissent','Hmong','Male','1934-04-17 20:06:36','22181 Grayhawk Avenue','Richmond','Virginia','67853','804-427-6765',246),('Threadgill','Erma','Hmong','Non-binary','1957-07-17 21:52:59','94812 Warrior Lane','Tallahassee','Florida','81209','850-451-7785',247),('Spoward','Babb','White','Genderqueer','1922-06-13 15:28:00','74 Northland Point','Bronx','New York','30407','347-601-8538',248),('Ennion','Alwyn','Puerto Rican','Non-binary','1968-10-02 22:48:58','01 Canary Crossing','Indianapolis','Indiana','68673','317-889-9370',249),('Shackell','Alisun','Korean','Male','1950-04-27 03:21:08','39313 Gale Terrace','Amarillo','Texas','12718','806-802-9947',250),('Legg','Yule','Central American','Non-binary','2006-07-29 09:20:04','1 Lakewood Way','Jackson','Mississippi','78373','601-455-1315',251),('Curtois','Audra','Colombian','Genderfluid','2019-02-02 01:13:49','00763 Declaration Crossing','San Diego','California','51529','760-982-0944',252),('Mariotte','Jenni','Alaskan Athabascan','Female','1969-05-06 18:16:46','7022 Talmadge Lane','Miami','Florida','27917','786-597-8150',253),('Alderwick','Toma','Dominican (Dominican Republic)','Bigender','1974-09-28 09:25:03','05 Troy Way','Saint Louis','Missouri','23065','314-205-1346',254),('Mannooch','Orella','Laotian','Bigender','1972-10-03 07:23:06','445 Esch Hill','Bridgeport','Connecticut','64721','203-918-5799',255),('Jobb','Florie','Yakama','Non-binary','1973-03-14 15:32:36','12005 Heath Point','Maple Plain','Minnesota','84009','763-377-3697',256),('Cliffe','Katharina','Tongan','Non-binary','1981-04-25 06:53:23','71560 Straubel Place','Irving','Texas','40203','214-165-8581',257),('Cristobal','Clementia','Central American','Non-binary','1940-03-20 15:25:59','0031 2nd Way','Orlando','Florida','76242','941-450-0337',258),('Girodin','Deeanne','American Indian and Alaska Native (AIAN)','Non-binary','1941-07-17 03:03:53','6 Corscot Plaza','Houston','Texas','54471','713-549-8577',259),('Edgson','Erik','Japanese','Polygender','1938-09-20 22:55:31','44 Sutteridge Way','Buffalo','New York','88147','716-472-1229',260),('Trewett','Fredericka','White','Genderqueer','1994-12-22 12:15:48','4 Calypso Crossing','Palatine','Illinois','01804','847-536-3026',261),('Sidery','Mauricio','Pueblo','Non-binary','1940-11-30 11:43:09','5 Oak Alley','San Jose','California','45855','408-420-8994',262),('Sabbin','Jerrold','Alaskan Athabascan','Bigender','1920-09-11 11:43:41','3025 Mandrake Pass','Boca Raton','Florida','70136','561-234-0306',263),('Itzkowicz','Zebedee','Ute','Bigender','1934-05-22 10:59:35','75 Hansons Drive','Reno','Nevada','84503','775-322-6873',264),('Smails','Mady','Houma','Agender','1966-10-22 07:14:58','095 Towne Road','Baton Rouge','Louisiana','43803','225-316-5198',265),('Zeplin','Gerta','Blackfeet','Agender','2017-05-28 06:31:51','8 Manley Road','Gainesville','Florida','05749','352-694-2118',266),('Timlin','Isadora','Guamanian','Agender','1988-09-07 13:39:58','17675 Mockingbird Crossing','Kansas City','Missouri','34053','816-665-2079',267),('Anfossi','Janeta','American Indian','Non-binary','1951-07-21 11:21:19','5169 Grasskamp Trail','Phoenix','Arizona','46243','602-828-0538',268),('Etheredge','Gibb','Latin American Indian','Female','2012-01-21 10:39:21','132 Arrowood Avenue','New York City','New York','13535','646-785-4689',269),('Harroll','Roselin','Malaysian','Non-binary','2020-06-18 13:41:30','09323 Superior Circle','Madison','Wisconsin','04460','608-168-3383',270),('Begwell','Faun','Cree','Polygender','1957-12-11 06:22:44','7277 Nevada Park','Huntsville','Alabama','61182','256-693-2716',271),('Perillo','Romeo','Tohono O\'Odham','Female','1952-05-07 22:07:44','276 Mcbride Crossing','San Jose','California','62814','408-746-5690',272),('Butterley','Fredric','Ecuadorian','Agender','1968-02-07 01:46:54','36 Columbus Road','Jamaica','New York','60293','917-611-6842',273),('Van der Linde','Letta','Guamanian','Genderfluid','1932-03-13 08:27:57','2 Dawn Lane','Harrisburg','Pennsylvania','41351','717-958-7026',274),('Lofthouse','Ardelle','Bangladeshi','Bigender','2013-12-15 19:48:16','504 Village Green Trail','Plano','Texas','09094','972-548-6149',275),('Vazquez','Sabina','Bolivian','Agender','2016-01-21 08:44:02','5402 Shelley Street','Chicago','Illinois','20813','773-364-7295',276),('Beecraft','Amerigo','Crow','Genderfluid','1935-03-25 15:08:26','74464 Mayer Pass','New York City','New York','44875','212-905-4061',277),('Pirozzi','Reeva','Laotian','Female','1942-09-14 05:56:04','681 Rusk Pass','Springfield','Illinois','72721','217-865-5110',278),('Trevascus','Kelsy','Ute','Male','2015-04-19 19:51:03','2968 Ridge Oak Avenue','Washington','District of Columbia','70926','202-846-4853',279),('Dell','Cilka','Cuban','Genderfluid','1957-10-05 04:53:59','8136 1st Court','Washington','District of Columbia','27469','202-860-6923',280),('Heffer','Persis','Pakistani','Agender','1934-09-19 05:12:14','8931 Trailsway Pass','Mobile','Alabama','57016','251-482-8419',281),('Beckson','Minni','Native Hawaiian','Genderqueer','1968-05-07 11:26:33','21333 Everett Trail','Lakewood','Washington','14896','253-905-9814',282),('Childs','Butch','Bangladeshi','Male','1968-02-12 17:27:43','474 Artisan Plaza','Saint Louis','Missouri','62213','314-527-9605',283),('Whymark','Jorgan','Laotian','Genderfluid','1944-10-08 12:47:44','38599 Memorial Junction','El Paso','Texas','10639','915-110-8364',284),('Emtage','Selina','Ottawa','Polygender','1974-05-20 03:44:59','743 Farragut Drive','Biloxi','Mississippi','70970','228-181-4862',285),('Sagg','Livia','Iroquois','Male','1963-07-11 15:12:51','38141 Stephen Plaza','Sacramento','California','04992','916-118-5098',286),('O\'Dwyer','Wileen','South American','Genderqueer','1986-08-21 18:04:52','62 Dayton Terrace','Scottsdale','Arizona','40503','480-916-8982',287),('Phippen','Sandra','Chippewa','Agender','1948-09-30 13:20:25','49 Namekagon Alley','Aurora','Illinois','03737','312-298-7988',288),('Buckston','Yurik','Honduran','Genderqueer','1936-03-25 04:27:40','3862 Sloan Crossing','Tulsa','Oklahoma','64222','918-846-5655',289),('Carty','Tomas','South American','Female','1927-12-15 10:39:40','297 Claremont Court','Minneapolis','Minnesota','34931','612-172-1071',290),('Enocksson','Delia','Cambodian','Polygender','1983-09-29 00:11:08','03 Corscot Terrace','Tampa','Florida','62415','813-269-2147',291),('Manuello','Arden','Indonesian','Agender','1977-01-01 23:23:37','80775 Merry Drive','North Little Rock','Arkansas','98402','501-301-1455',292),('Laurenson','Lauritz','Peruvian','Male','1996-04-05 16:06:51','2 Thompson Street','Fort Pierce','Florida','94603','772-279-4087',293),('Duling','Randie','Fijian','Male','2005-09-11 02:34:36','08 Westridge Court','Washington','District of Columbia','52999','202-245-1270',294),('Huntall','Byrle','Asian','Non-binary','1975-02-28 21:56:58','13 Thompson Terrace','Cincinnati','Ohio','83685','513-562-4162',295),('Blampy','Haskel','Cherokee','Male','2003-01-03 07:40:38','9 Iowa Drive','Ashburn','Virginia','60275','571-991-0656',296),('Peddel','Cassie','Tohono O\'Odham','Female','1982-12-02 14:11:22','626 Debra Way','Jacksonville','Florida','50981','904-551-0033',297),('Murfill','Kala','Uruguayan','Non-binary','1981-10-04 21:11:25','3017 Grasskamp Lane','Pittsburgh','Pennsylvania','71339','412-659-1510',298),('Clemmensen','Jerri','Native Hawaiian and Other Pacific Islander (NHPI)','Genderqueer','1968-09-11 03:22:09','6 Harbort Lane','Tyler','Texas','58338','903-426-1533',299),('Kestin','Rayna','Salvadoran','Agender','2018-04-22 08:08:38','7 Elka Circle','Jamaica','New York','95454','718-443-1003',300),('Deare','Bernetta','Pima','Agender','1980-02-11 01:04:41','6 Sutteridge Hill','Brockton','Massachusetts','79875','508-999-7906',301),('Duckit','Lindsey','Sioux','Non-binary','1957-04-15 00:45:03','0 Talmadge Crossing','Shreveport','Louisiana','83504','318-250-9816',302),('Pentycost','Vivien','Yaqui','Female','2002-10-08 21:42:38','94 Colorado Park','Colorado Springs','Colorado','73351','719-351-3847',303),('Jurek','Ogdon','Sioux','Male','1971-06-12 12:36:54','92001 Kropf Avenue','Pensacola','Florida','09493','850-550-2850',304),('Pennone','Madalyn','Central American','Agender','1932-10-12 15:49:12','823 Karstens Point','Raleigh','North Carolina','02111','919-200-8082',305),('Yeell','Ignatius','Eskimo','Male','2008-07-04 22:02:59','6764 Sloan Terrace','Toledo','Ohio','63237','419-504-9483',306),('Master','Dina','Guatemalan','Female','1942-12-13 09:37:48','0 Menomonie Parkway','Shawnee Mission','Kansas','25038','913-720-9849',307),('Keyworth','Gery','Honduran','Polygender','1954-11-16 16:09:21','85 Superior Park','Houston','Texas','47098','713-423-3846',308),('Gillinghams','Joellyn','Delaware','Non-binary','1946-03-30 22:09:11','882 Carioca Street','Cedar Rapids','Iowa','14520','319-297-9564',309),('MacCumiskey','Morey','Yakama','Bigender','1942-02-24 21:58:06','1123 Cascade Hill','Arlington','Virginia','87513','571-799-8258',310),('Forrestor','Enrica','Sri Lankan','Genderqueer','2013-03-18 23:02:20','1 Melrose Terrace','Las Vegas','Nevada','62813','702-473-8230',311),('Dimitriou','Danyelle','Dominican (Dominican Republic)','Bigender','1944-10-18 06:36:15','524 Orin Plaza','Virginia Beach','Virginia','51180','757-592-4275',312),('Brumbye','Michal','Ute','Non-binary','2000-03-09 08:56:12','52 Golf Street','Charlotte','North Carolina','90547','704-989-4837',313),('Westhoff','Felicdad','Blackfeet','Polygender','2017-01-15 00:47:50','9712 Fallview Terrace','Alpharetta','Georgia','68863','404-809-8191',314),('Deinert','Aigneis','Salvadoran','Agender','1999-08-29 16:20:48','241 Cottonwood Crossing','Minneapolis','Minnesota','84585','612-577-7965',315),('Antonchik','Cassie','Cherokee','Male','1931-12-29 01:49:05','7 Hermina Drive','Syracuse','New York','00051','315-641-6156',316),('Coffin','Elayne','Apache','Male','1937-09-11 09:42:58','32 Brentwood Alley','Dallas','Texas','42891','214-727-5465',317),('Swettenham','Nelie','South American','Bigender','2010-06-02 05:21:30','9 Browning Hill','Honolulu','Hawaii','03228','808-808-9687',318),('Elacoate','Filippa','Japanese','Genderqueer','1942-02-21 04:23:29','563 Basil Court','Watertown','Massachusetts','29274','781-357-5998',319),('McCome','Yurik','Fijian','Genderqueer','1940-04-09 10:51:04','9 Graedel Pass','Jacksonville','Florida','44493','904-345-6852',320),('Tongs','Mareah','Polynesian','Bigender','1933-04-14 12:23:12','44 Talisman Drive','Brooklyn','New York','12398','718-114-7221',321),('Iacomettii','Kati','Paraguayan','Female','1946-04-13 16:08:14','1 Dorton Terrace','Phoenix','Arizona','92541','602-994-1445',322),('Vedekhin','Ursa','American Indian','Polygender','1962-08-09 09:25:37','3 Anhalt Junction','Gatesville','Texas','91716','254-458-6988',323),('Van Driel','Dennet','Apache','Genderfluid','1921-12-26 15:11:37','181 Mayer Terrace','Orlando','Florida','19500','941-816-2311',324),('Bohling','Jordain','Chinese','Genderqueer','1989-11-18 11:30:51','97814 Talmadge Avenue','Columbus','Ohio','86709','740-324-5427',325),('Jelks','Robinet','American Indian and Alaska Native (AIAN)','Agender','1940-01-26 19:07:31','312 Corry Drive','Midland','Texas','16238','432-243-1642',326),('Sheraton','Pancho','Kiowa','Female','1955-11-17 06:48:20','585 Mcguire Street','Norfolk','Virginia','49825','757-762-0608',327),('Priestman','Chester','Cherokee','Agender','2010-04-08 11:48:58','0122 Holy Cross Drive','Greenville','South Carolina','38431','864-521-3409',328),('Wyrall','Dulcie','Aleut','Male','1984-04-18 06:18:38','8014 Doe Crossing Hill','Newton','Massachusetts','75551','508-400-7566',329),('Folkes','Tyler','Paraguayan','Male','1987-11-14 19:20:06','1 American Ash Road','Roanoke','Virginia','89931','540-127-9945',330),('Wiskar','Janeen','Pakistani','Agender','1978-03-19 06:05:14','4296 Straubel Court','Cleveland','Ohio','30277','216-515-2630',331),('Erratt','Pincus','Ute','Genderfluid','1986-12-01 04:56:08','02162 Cherokee Hill','Washington','District of Columbia','26289','202-727-9896',332),('Bagnold','Brnaby','Guamanian','Genderqueer','2010-07-14 17:30:33','016 Debs Parkway','Pittsburgh','Pennsylvania','05937','724-159-8140',333),('Dowell','Barbaraanne','Alaskan Athabascan','Genderfluid','1964-10-24 08:57:35','46968 Straubel Place','Pasadena','California','60152','626-408-1551',334),('Drinkall','Burtie','Aleut','Female','1993-02-12 09:04:53','580 Arkansas Pass','Denver','Colorado','53890','303-211-9684',335),('Gandrich','Jonie','Cheyenne','Genderqueer','1940-10-16 06:00:10','815 Dwight Crossing','Roanoke','Virginia','99008','540-545-0430',336),('Garrard','Mauricio','Paraguayan','Non-binary','1952-09-17 17:21:34','868 Dayton Point','El Paso','Texas','06165','915-725-1435',337),('Russilll','Curtis','Dominican (Dominican Republic)','Male','2002-10-10 15:16:42','5469 Eastlawn Pass','Buffalo','New York','25655','716-695-6736',338),('Flower','Irma','Tongan','Polygender','1970-01-05 21:28:15','289 Troy Avenue','Charleston','West Virginia','22596','304-871-9467',339),('Speenden','Gwendolen','Micronesian','Female','1981-12-10 17:17:53','4 Corry Place','Portsmouth','Virginia','72490','757-979-1452',340),('Cleve','Kata','Potawatomi','Polygender','1944-05-03 12:19:21','638 Fairview Crossing','Denver','Colorado','17747','720-176-9201',341),('Brizell','Oralee','Chamorro','Male','2005-11-11 10:23:37','31694 Roth Park','Kent','Washington','74240','253-384-5463',342),('Bront','King','Japanese','Bigender','1990-06-25 20:27:58','9868 Reinke Center','Denton','Texas','55600','972-585-4905',343),('Fowgies','Carlin','Yuman','Bigender','1940-12-16 09:23:12','097 Melvin Lane','Denver','Colorado','33246','720-605-0599',344),('Perrottet','Penrod','Puget Sound Salish','Female','1958-11-26 13:57:49','917 Loeprich Court','Atlanta','Georgia','50581','404-468-5413',345),('Dodshon','Jodie','Ottawa','Non-binary','2009-11-21 14:27:26','90 Weeping Birch Center','Helena','Montana','60196','406-779-9119',346),('Butter','Freida','Colombian','Agender','1996-06-15 08:46:10','216 Pearson Place','Lansing','Michigan','53883','517-939-4514',347),('Splain','Burch','Indonesian','Agender','1970-08-10 07:42:54','2 Toban Park','Saint Louis','Missouri','81729','636-294-9464',348),('Saph','Fritz','Aleut','Non-binary','1954-01-31 15:59:12','90 Oak Valley Lane','Texarkana','Texas','46891','903-318-8659',349),('Papis','Annabella','Menominee','Genderqueer','1979-12-30 19:42:21','6 Monterey Place','Salt Lake City','Utah','29221','801-474-0839',350),('Beedell','Gaile','Vietnamese','Bigender','2001-12-12 20:55:26','0 Thackeray Way','Chicago','Illinois','14878','312-638-5512',351),('Peirpoint','Abigale','Iroquois','Female','2018-02-09 04:12:39','49 Arkansas Road','Atlanta','Georgia','96430','404-220-3586',352),('Muro','Norton','Vietnamese','Non-binary','2018-03-01 17:34:28','7934 Starling Road','Atlanta','Georgia','76980','678-367-8043',353),('Uvedale','Roley','Salvadoran','Agender','1985-11-15 06:57:35','332 Nevada Avenue','Albany','New York','38220','518-782-2830',354),('Siman','Davy','Black or African American','Female','1921-08-15 01:23:34','18304 Claremont Road','Arlington','Virginia','71083','571-654-1786',355),('Slack','Carleen','Alaskan Athabascan','Bigender','1993-08-31 01:41:37','94167 North Place','Colorado Springs','Colorado','24721','719-363-5919',356),('Havers','Tallie','Filipino','Genderqueer','1957-10-05 11:45:53','7 Florence Circle','Iowa City','Iowa','14265','319-273-3655',357),('Matts','Leora','Menominee','Female','1991-08-05 15:48:10','1 Montana Alley','Birmingham','Alabama','56561','205-907-7998',358),('Vinsen','Yovonnda','Pima','Bigender','1932-01-28 19:23:32','06 Elka Road','Corpus Christi','Texas','45139','361-338-8880',359),('Haugen','Nate','Costa Rican','Genderqueer','1943-03-25 03:06:21','8 Bonner Way','Washington','District of Columbia','55472','703-609-2674',360),('Albutt','Shae','Yaqui','Polygender','1964-07-01 19:15:12','1 Corscot Alley','South Lake Tahoe','California','48568','530-526-7355',361),('Muston','Winne','Yuman','Female','1939-04-17 03:01:33','22068 Waubesa Plaza','Charlotte','North Carolina','74885','704-666-5645',362),('Jachimczak','Auguste','Puget Sound Salish','Polygender','1941-10-08 03:40:24','2 Cambridge Parkway','Wilmington','Delaware','76601','302-790-8584',363),('Smaling','Andrus','Delaware','Genderqueer','1922-02-09 19:13:49','0790 Corry Hill','Rochester','New York','06324','585-515-8624',364),('Dabney','Georg','Fijian','Non-binary','2010-06-22 15:59:22','8113 Mitchell Road','Oakland','California','08384','510-246-6371',365),('Persey','Thurstan','Central American','Polygender','1946-07-02 22:32:48','93 Ridgeway Junction','Shawnee Mission','Kansas','97202','913-602-5395',366),('Parnell','Deloris','Navajo','Bigender','1957-12-08 06:38:27','93219 Independence Drive','Washington','District of Columbia','27136','202-586-7423',367),('Balaam','Rodolph','Peruvian','Agender','1956-05-14 20:56:31','20 Dayton Avenue','Dallas','Texas','48184','214-534-5501',368),('Garralts','Oby','Nicaraguan','Female','1976-11-29 06:56:11','84 Golden Leaf Park','Pittsburgh','Pennsylvania','99944','412-811-9515',369),('Waind','Lela','Osage','Polygender','1963-03-12 20:44:49','60 Eagle Crest Street','San Jose','California','92684','408-461-8692',370),('Goffe','Zerk','Bolivian','Genderfluid','1956-08-13 08:23:00','7132 Prairie Rose Park','Rochester','New York','20806','585-305-4002',371),('Pittem','Bartolomeo','Salvadoran','Bigender','2000-10-27 04:17:00','42 Bonner Drive','Phoenix','Arizona','96837','928-219-5651',372),('Amorts','Ellwood','Paraguayan','Male','1960-10-09 13:44:40','8 Dakota Road','Van Nuys','California','68975','323-903-0571',373),('Schult','Marcile','Ottawa','Genderqueer','1985-07-22 09:05:51','4592 3rd Court','Little Rock','Arkansas','56365','501-589-3087',374),('Pryke','Kristyn','Chilean','Male','1969-04-25 12:51:39','6963 Cottonwood Avenue','Harrisburg','Pennsylvania','63649','717-131-6899',375),('Pero','Jolee','Indonesian','Bigender','1992-10-04 10:22:15','88 Center Trail','Canton','Ohio','84435','330-702-9205',376),('Emmanueli','Mahmoud','Yaqui','Polygender','2012-12-23 16:39:34','398 Ruskin Junction','Bismarck','North Dakota','07222','701-271-6261',377),('Swainger','Haily','Cree','Female','1997-09-27 18:15:10','2 Rutledge Circle','Fort Lauderdale','Florida','13178','954-208-7904',378),('Stapley','Dorine','Asian Indian','Bigender','2017-08-15 11:35:20','30 Green Ridge Lane','Scranton','Pennsylvania','09423','570-631-8669',379),('Jedraszczyk','Dante','Guamanian','Female','1978-09-27 16:05:24','8 Onsgard Alley','Fairbanks','Alaska','88415','907-187-7689',380),('Berndtssen','Fletcher','Alaska Native','Polygender','1992-11-26 09:28:16','37698 Helena Court','Arvada','Colorado','42377','303-813-5516',381),('Brabbs','Kayley','Malaysian','Bigender','2003-12-10 22:48:20','34 Hallows Park','Houston','Texas','40232','832-908-4883',382),('Carrol','Rowland','Aleut','Non-binary','1965-11-02 19:51:09','7 Meadow Valley Parkway','Denver','Colorado','60488','303-704-3048',383),('Kiff','Beckie','Kiowa','Genderqueer','2008-07-09 07:10:28','3960 Pearson Crossing','Milwaukee','Wisconsin','41393','414-553-8229',384),('Yuryaev','Sibilla','Latin American Indian','Genderqueer','1976-11-16 13:44:01','1 Eastlawn Park','Atlanta','Georgia','49950','770-158-4340',385),('Fronsek','Nadeen','Colombian','Agender','2012-02-26 04:11:33','2477 Eastlawn Pass','Tallahassee','Florida','39347','850-741-1022',386),('Marishenko','Chery','Sri Lankan','Bigender','1961-03-03 22:29:12','0 Sunnyside Plaza','Winter Haven','Florida','72700','407-294-1515',387),('Grut','Byron','Blackfeet','Agender','1998-07-29 09:10:44','4681 Clarendon Junction','Greensboro','North Carolina','43488','910-663-5779',388),('Crispin','Inglis','Polynesian','Genderfluid','1967-01-15 12:27:20','85 Sutherland Avenue','Madison','Wisconsin','34242','608-600-2568',389),('Broomhead','Delora','American Indian and Alaska Native (AIAN)','Polygender','1966-10-09 13:21:40','49 Clarendon Pass','Savannah','Georgia','15285','912-609-7339',390),('Baldam','Arman','Spaniard','Female','1931-01-20 13:36:33','99317 Milwaukee Road','Tulsa','Oklahoma','71518','918-318-7961',391),('Colliver','Chryste','Tlingit-Haida','Male','1973-04-12 22:02:34','0502 Vernon Center','Stockton','California','34605','209-419-3490',392),('Drinnan','Gabbi','Guatemalan','Agender','1958-08-31 09:25:13','3 Pond Plaza','Van Nuys','California','70018','213-868-4129',393),('Gosenell','Tiffy','South American','Female','1990-05-04 14:31:17','43640 American Terrace','Carlsbad','California','11688','760-168-7346',394),('Harry','Reeba','Paraguayan','Polygender','1961-07-17 08:24:11','5905 Ilene Road','Jacksonville','Florida','93464','904-715-6621',395),('Pharrow','Joscelin','Filipino','Genderqueer','2002-12-15 20:14:43','36698 4th Junction','Monticello','Minnesota','02892','763-768-1137',396),('Dmych','Vale','Creek','Polygender','1998-04-05 12:20:58','83 Dryden Point','New Bedford','Massachusetts','30361','508-627-1232',397),('Brewer','Josephine','Eskimo','Bigender','1967-11-10 20:18:35','67121 Lillian Plaza','Cincinnati','Ohio','03946','513-416-6106',398),('Marwood','Isa','Filipino','Male','1967-05-10 03:35:15','7 Cambridge Plaza','San Diego','California','02752','619-306-2603',399),('Spray','Rogers','Tongan','Male','1971-10-15 01:11:27','930 Blaine Way','Ocala','Florida','70238','352-296-3299',400),('Byrkmyr','Malvina','Chickasaw','Bigender','1969-12-09 09:19:00','1 Northport Center','Garden Grove','California','69437','714-219-0612',401),('Sextone','Cecilia','Taiwanese','Female','1934-08-18 18:00:20','821 Fuller Circle','Mesa','Arizona','28171','480-543-5630',402),('Sallan','Junette','Cree','Genderfluid','1933-03-06 06:49:22','691 Hermina Place','Alexandria','Louisiana','23306','318-631-2981',403),('Oen','Judith','Paraguayan','Genderqueer','1977-10-05 04:26:28','670 Buhler Park','Alexandria','Virginia','86835','571-421-1386',404),('Temlett','Annadiana','Central American','Bigender','1999-12-06 17:36:46','8183 Melby Avenue','Wichita','Kansas','82132','316-602-1465',405),('Ambrogioli','Wynne','Cree','Genderqueer','2002-08-12 04:13:31','79 Dunning Trail','Salt Lake City','Utah','61622','801-692-5052',406),('Probyn','Tomkin','Choctaw','Male','1958-01-10 03:27:22','30 Oxford Center','Huntington','West Virginia','01425','304-530-6236',407),('Porte','Monty','South American','Genderqueer','2014-01-09 14:32:55','3 Straubel Plaza','Detroit','Michigan','52824','313-378-0222',408),('Strotone','Jule','Pima','Non-binary','1950-03-23 14:29:50','41116 Kipling Junction','Hyattsville','Maryland','72196','301-542-3498',409),('Urquhart','Warner','Malaysian','Agender','1982-09-17 18:32:22','02569 Iowa Drive','Baton Rouge','Louisiana','07959','225-645-2379',410),('Leeke','Jarrad','Argentinian','Genderfluid','2019-02-19 05:40:41','4950 Dottie Parkway','Houston','Texas','66836','832-853-5520',411),('Eddoes','Melvin','Iroquois','Female','2003-02-13 06:15:30','973 Thackeray Lane','Odessa','Texas','75348','432-520-9835',412),('Prium','Toinette','Ottawa','Non-binary','1987-05-19 07:55:14','81980 Ronald Regan Avenue','Tulsa','Oklahoma','62395','918-170-7396',413),('Gosden','Arvie','Chinese','Male','1936-04-11 11:18:01','5 5th Junction','Dallas','Texas','32355','214-792-4279',414),('Mackleden','Jase','American Indian','Genderfluid','1934-06-25 21:37:55','4328 Village Drive','Pasadena','Texas','08101','281-640-9513',415),('Harvatt','Waylin','Aleut','Genderfluid','1981-02-20 13:17:39','8 Menomonie Drive','El Paso','Texas','55613','915-777-9896',416),('Woltering','Avictor','Creek','Bigender','1998-06-13 14:01:14','0 Cordelia Avenue','Chicago','Illinois','87428','773-244-0767',417),('Coolbear','Ezri','Bangladeshi','Bigender','1942-05-08 18:27:22','75603 Ridgeview Plaza','Santa Monica','California','32584','310-387-1582',418),('Ormshaw','Georgie','Samoan','Female','1965-11-17 03:35:10','3697 Forest Alley','Gary','Indiana','65626','219-512-3648',419),('Abrahm','Mira','Ute','Bigender','1936-11-23 17:38:01','508 Declaration Alley','Gary','Indiana','15857','219-800-7615',420),('MacQuist','Stefa','Pueblo','Male','1952-12-01 00:04:43','47 Victoria Way','Huntington','West Virginia','56089','304-492-1335',421),('Everest','Raimund','Cherokee','Female','2016-09-24 20:21:17','093 Clemons Alley','Washington','District of Columbia','09875','202-692-8278',422),('Eckley','Gibby','Bolivian','Agender','2001-07-19 23:13:30','5 Manley Drive','El Paso','Texas','96413','915-852-9914',423),('Bafford','Shurlock','White','Non-binary','2000-04-17 01:08:23','26418 Oxford Circle','Houston','Texas','84754','713-723-7910',424),('Ulyatt','Rhianon','Delaware','Female','1966-10-26 04:00:01','8 Hallows Alley','Amarillo','Texas','51196','806-848-3952',425),('Slora','Dorris','Tongan','Non-binary','1952-02-13 13:33:47','0025 Brentwood Place','Houston','Texas','71458','713-914-6174',426),('Pounds','Vera','Houma','Genderfluid','1938-02-08 17:57:24','1 Ohio Crossing','Houston','Texas','94544','281-523-4661',427),('Ruddoch','Kimble','Asian Indian','Agender','1982-03-27 18:00:23','14 Bluestem Avenue','Fort Worth','Texas','89055','817-518-8530',428),('Bridell','Juliane','Delaware','Male','1988-11-09 05:22:05','08660 Crest Line Crossing','Mobile','Alabama','16285','251-418-7760',429),('Nordass','Florance','Osage','Male','1969-09-07 05:48:09','04 David Drive','Richmond','Virginia','75614','804-790-9460',430),('Lestor','Rahel','Guatemalan','Genderqueer','2019-11-26 13:00:43','86 Westridge Place','Duluth','Georgia','63876','678-307-1052',431),('Kollatsch','Davine','Panamanian','Bigender','2012-05-06 18:29:22','94511 Aberg Circle','Tacoma','Washington','52051','253-246-2493',432),('Carlens','Moe','Chamorro','Agender','1996-02-20 21:41:20','0985 Veith Street','Washington','District of Columbia','50665','202-609-5309',433),('Dowglass','Tomkin','Guamanian','Male','1993-06-15 21:57:31','1 Buena Vista Road','Tampa','Florida','89673','813-374-7403',434),('Leaning','Chris','Guatemalan','Agender','2016-06-19 01:44:55','58822 Knutson Lane','Dallas','Texas','13852','469-409-6129',435),('Ogilvy','Kiele','Iroquois','Genderfluid','1944-05-10 12:18:55','6 Division Avenue','Akron','Ohio','04781','330-992-1544',436),('Tape','Lewiss','Creek','Bigender','2005-07-08 22:12:50','45193 Spenser Way','San Antonio','Texas','86541','210-799-9886',437),('Strover','Caril','Tongan','Male','1938-06-02 18:20:20','85351 Ridge Oak Circle','Toledo','Ohio','58342','419-795-3014',438),('Sivewright','Dall','Sri Lankan','Female','1994-05-25 06:57:35','219 Monica Parkway','Atlanta','Georgia','78475','404-136-3772',439),('Siggee','Matty','Chamorro','Genderfluid','2010-05-25 23:49:36','9 Dovetail Pass','Baltimore','Maryland','75869','410-488-0461',440),('Rozea','Stanislas','Pueblo','Polygender','2002-12-27 14:16:36','22 Canary Plaza','Fresno','California','85815','559-255-9739',441),('Lamacraft','Zahara','Cambodian','Agender','1966-02-18 08:09:33','5337 Scofield Hill','Greensboro','North Carolina','94516','336-832-6065',442),('Tommasi','Marian','Crow','Female','2017-06-19 12:06:36','51 Mcguire Crossing','Fort Myers','Florida','00289','239-740-6225',443),('Prangley','Evvy','Chamorro','Agender','1990-01-09 10:02:08','48397 Fairfield Drive','Lincoln','Nebraska','33225','402-303-8354',444),('Bennedick','Darryl','Yaqui','Genderqueer','2005-02-16 15:08:14','52089 Mcbride Trail','Pittsburgh','Pennsylvania','17962','412-284-6953',445),('Fintoph','Felicity','Alaska Native','Polygender','1966-10-13 03:13:39','84042 Thackeray Hill','Boulder','Colorado','28762','720-114-9582',446),('Wimes','Gay','White','Bigender','1957-01-01 06:54:23','12 Fisk Park','Cedar Rapids','Iowa','50493','319-779-4021',447),('Dossetter','Chadwick','Pima','Bigender','1945-07-05 04:50:53','06 Esker Avenue','Muncie','Indiana','21038','765-760-4155',448),('Geertz','Alasdair','American Indian','Female','1968-09-06 02:13:42','2961 Cardinal Road','Washington','District of Columbia','24836','202-493-1389',449),('Itzkovwitch','Doroteya','Seminole','Male','2008-10-25 19:50:55','39268 Jackson Junction','Atlanta','Georgia','58196','770-644-7028',450),('Olexa','Isadore','Salvadoran','Genderqueer','1975-07-27 14:44:23','48 Briar Crest Trail','Kansas City','Missouri','20351','816-997-9976',451),('Munro','Belicia','Pueblo','Female','1937-06-18 20:14:08','29844 Little Fleur Road','Garden Grove','California','68776','310-848-4252',452),('Morteo','Cris','Laotian','Polygender','2002-06-12 12:14:52','76 Golden Leaf Place','Pensacola','Florida','34057','850-516-7958',453),('Worsley','Shay','Apache','Bigender','1925-12-17 01:50:58','04 Russell Alley','Nashville','Tennessee','64858','615-459-6721',454),('Brach','Constantine','Ute','Genderfluid','1958-11-03 10:39:13','40 Sheridan Junction','Salt Lake City','Utah','63281','801-565-6541',455),('Matashkin','Nicoli','Navajo','Female','2018-04-14 03:46:43','303 Heath Lane','Little Rock','Arkansas','52880','501-737-3971',456),('Ballinghall','Shannen','Alaskan Athabascan','Polygender','1948-01-17 04:11:31','46 Cody Crossing','Lexington','Kentucky','75513','859-535-3789',457),('Lidstone','Faunie','Peruvian','Non-binary','1982-06-11 22:21:30','91433 Ridgeway Hill','Oakland','California','01243','510-360-4743',458),('Gowenlock','Anica','Chippewa','Genderfluid','2000-10-28 05:16:26','05 Carioca Pass','Glendale','California','00549','818-101-7622',459),('Spradbrow','Charles','White','Genderfluid','1933-01-18 08:26:21','70441 Prairieview Hill','Corpus Christi','Texas','85347','361-336-4174',460),('Sturch','Lauri','Spaniard','Genderqueer','1972-06-23 03:54:39','0551 Stuart Terrace','Erie','Pennsylvania','05542','814-687-0880',461),('Matzkaitis','Agretha','Cree','Polygender','1926-10-08 05:20:56','11371 Maywood Parkway','Saint Louis','Missouri','09322','636-348-2747',462),('Gingold','Porty','Ecuadorian','Female','1921-09-06 03:12:39','97213 Sunbrook Place','New Orleans','Louisiana','18670','504-840-0123',463),('Eles','Everett','Comanche','Genderqueer','1934-08-31 00:08:51','9 Summit Court','Toledo','Ohio','10490','419-334-4648',464),('Noblet','Kenny','Sri Lankan','Genderqueer','1959-11-27 01:29:12','9629 Cottonwood Road','Arlington','Virginia','77625','571-129-1422',465),('Housegoe','Tony','Argentinian','Genderfluid','1962-03-01 05:35:37','6556 Emmet Street','Long Beach','California','78259','323-840-4039',466),('Finker','Garrick','Melanesian','Agender','2008-07-02 02:26:13','398 Farmco Park','Grand Rapids','Michigan','13066','616-374-4610',467),('Tryme','Lyndsay','Choctaw','Genderqueer','1936-02-16 16:24:47','609 Mcguire Way','Jamaica','New York','43956','718-937-7066',468),('Rotham','Thea','Tongan','Bigender','1965-08-29 02:36:28','54078 Dennis Road','Milwaukee','Wisconsin','94665','920-789-7750',469),('Nabarro','Damon','Puerto Rican','Male','1946-03-18 04:16:12','9472 Anhalt Way','Washington','District of Columbia','76749','202-684-5618',470),('Reubel','Wilbert','Delaware','Genderqueer','2001-02-11 17:12:27','59513 Roth Point','Arlington','Virginia','37317','571-986-2962',471),('Dowda','Marjy','White','Non-binary','1992-02-21 13:44:49','03 Welch Park','Birmingham','Alabama','46405','205-229-6191',472),('Heinish','Addie','White','Bigender','1924-11-15 03:05:22','338 Annamark Circle','Huntsville','Alabama','90870','256-373-5941',473),('Silcock','Fransisco','Paiute','Genderfluid','1932-06-12 20:29:44','25 Anthes Trail','Missoula','Montana','75429','406-172-9255',474),('Alentyev','Petronella','Shoshone','Female','1960-06-09 22:24:23','2900 Hoard Point','Indianapolis','Indiana','20817','317-203-7995',475),('Mathiasen','Desi','Melanesian','Non-binary','2009-06-30 09:45:42','36 Northport Crossing','New York City','New York','71510','646-111-5651',476),('Bointon','Moss','Cheyenne','Polygender','1979-11-17 12:15:09','998 Kim Road','Pittsburgh','Pennsylvania','75761','412-838-7244',477),('Whitton','Shauna','Chamorro','Female','1931-04-01 23:09:41','6037 Judy Park','Decatur','Illinois','02353','217-474-7921',478),('Straniero','Eilis','Tongan','Bigender','1931-07-04 19:28:06','40397 Fieldstone Junction','Dallas','Texas','76733','469-298-8620',479),('Matokhnin','Filide','Taiwanese','Male','1932-07-04 08:06:16','35 Meadow Ridge Way','Berkeley','California','41907','510-106-1140',480),('Delgua','Colby','Costa Rican','Polygender','1952-07-05 15:00:39','4 Trailsway Street','Carson City','Nevada','15574','775-989-9408',481),('Mapplethorpe','Tove','Yakama','Agender','1929-01-23 06:33:28','35064 Carioca Court','Charleston','West Virginia','17982','304-486-5633',482),('Tows','Leonard','Crow','Bigender','2019-04-01 11:13:09','61912 Crownhardt Alley','Long Beach','California','38810','562-123-5798',483),('Perrot','Emmery','Shoshone','Bigender','2013-08-02 09:57:32','71 Annamark Circle','Young America','Minnesota','73839','952-282-4487',484),('Aldersley','Trace','Paiute','Polygender','1972-03-09 16:35:39','5286 Summit Terrace','Kansas City','Missouri','27745','816-213-6875',485),('Dripp','Eirena','Choctaw','Genderfluid','1936-07-30 09:34:22','2 Russell Park','Pittsburgh','Pennsylvania','83868','412-191-6022',486),('Backen','Lolita','Chilean','Non-binary','1944-11-19 23:39:01','843 Farragut Trail','New Castle','Pennsylvania','27028','724-659-8970',487),('Eburah','Karmen','Malaysian','Female','1922-11-12 20:04:48','0267 Columbus Center','New York City','New York','52606','917-776-4245',488),('Haig','Alric','Yakama','Polygender','1987-05-20 22:48:02','2 Banding Pass','Naples','Florida','73707','239-729-1747',489),('Fleetwood','Em','Osage','Female','1988-11-18 15:19:55','0 Jackson Lane','Oklahoma City','Oklahoma','62811','405-681-1460',490),('Gatlin','Dorey','Salvadoran','Bigender','1947-11-03 08:35:33','7689 Johnson Alley','Louisville','Kentucky','94222','502-380-9638',491),('Baudone','Paolo','Malaysian','Genderqueer','1957-03-01 12:33:14','7729 Del Sol Street','Birmingham','Alabama','87505','205-648-2114',492),('Blomefield','Jodee','American Indian and Alaska Native (AIAN)','Genderqueer','1958-02-03 11:27:44','167 Alpine Pass','Mountain View','California','26798','650-995-5229',493),('Wilcockes','Gweneth','Black or African American','Agender','1988-03-16 19:36:55','3 Beilfuss Point','Panama City','Florida','99009','850-988-0340',494),('Crilley','Cecilio','Mexican','Female','1948-11-20 18:24:29','15133 Nancy Road','Cincinnati','Ohio','41237','513-887-4175',495),('Sparkwell','Jerad','Asian','Bigender','2015-05-28 11:42:49','30106 Schmedeman Street','London','Kentucky','36413','606-685-8272',496),('Borkett','Trudi','Argentinian','Agender','2018-06-12 23:46:50','80195 Schmedeman Crossing','Inglewood','California','65727','310-278-1481',497),('Mathou','Harmonia','Chilean','Agender','1942-07-16 23:13:07','34541 Milwaukee Pass','New Orleans','Louisiana','52853','504-912-1690',498),('Kinghorn','Micky','Menominee','Non-binary','1953-07-22 02:10:07','4486 Village Terrace','Pensacola','Florida','83487','850-823-5043',499),('Tatton','Kahlil','Chilean','Agender','1992-07-05 06:13:24','1113 Gina Junction','Silver Spring','Maryland','09285','240-457-9632',500),('Grigoli','Sidnee','Peruvian','Non-binary','1959-08-12 11:23:51','16 Elmside Drive','Springfield','Illinois','13124','217-924-4202',501),('Danslow','Leticia','Ecuadorian','Genderqueer','1961-06-12 05:25:06','83911 Eggendart Plaza','Richmond','Virginia','47504','804-899-3052',502),('Chaperling','Elna','Ottawa','Genderqueer','1969-09-25 06:05:39','196 Hollow Ridge Way','Tulsa','Oklahoma','17815','918-859-2981',503),('Ruffler','Allin','Cheyenne','Genderqueer','2000-03-29 18:38:08','23 Hintze Terrace','Springfield','Ohio','60124','937-446-3220',504),('Allcoat','Barris','Ecuadorian','Female','1980-02-03 09:46:55','53 7th Lane','Fort Wayne','Indiana','89472','260-385-3320',505),('Bishopp','Belva','American Indian','Agender','1932-10-22 22:01:03','2 Rowland Court','Tyler','Texas','87867','903-319-6346',506),('Dowd','Cooper','Alaskan Athabascan','Male','1924-08-07 00:20:00','55358 Farwell Lane','Macon','Georgia','04171','478-864-4907',507),('Risen','Allegra','Choctaw','Genderqueer','1957-06-22 23:49:26','354 Buena Vista Road','El Paso','Texas','16246','915-355-6261',508),('MacNeil','Sayre','Salvadoran','Agender','2003-08-22 07:33:28','9974 Troy Junction','Washington','District of Columbia','43901','202-994-2763',509),('Revie','Corine','Puget Sound Salish','Genderqueer','1927-11-02 04:13:15','75 Meadow Vale Point','Akron','Ohio','54638','330-538-7680',510),('Santino','Hyacintha','Sioux','Female','1992-10-24 04:05:11','1660 Starling Way','Dallas','Texas','77381','214-422-7847',511),('McPharlain','Nona','Paiute','Bigender','2002-02-03 16:32:08','43 John Wall Parkway','Richmond','Virginia','18398','804-452-6910',512),('Scrancher','Adams','Salvadoran','Genderqueer','1940-08-07 14:30:27','63 Cody Avenue','Tacoma','Washington','84381','253-459-4893',513),('Lucchi','Welbie','Crow','Polygender','1935-05-07 07:30:49','8021 Ohio Lane','Sacramento','California','24679','530-497-7022',514),('Fearby','Kriste','Central American','Genderqueer','1922-10-01 17:55:00','999 Jana Crossing','Pueblo','Colorado','81302','719-632-4956',515),('Glasscock','Loy','Melanesian','Genderqueer','1964-02-28 05:04:50','70168 Stuart Park','San Jose','California','44258','408-967-5335',516),('Rembrant','Michell','Houma','Polygender','1930-04-12 05:32:18','10493 New Castle Hill','Dallas','Texas','53497','214-607-8224',517),('Schuler','Fidole','Cheyenne','Non-binary','1933-10-16 17:47:58','47331 Browning Point','Gatesville','Texas','68582','254-127-3756',518),('Purchon','Arne','Tongan','Bigender','1962-06-16 13:21:32','93316 Sutteridge Park','Albuquerque','New Mexico','00723','505-795-2703',519),('Eady','Jamal','Tongan','Male','2020-10-13 06:13:55','919 Myrtle Center','Pasadena','California','48366','626-940-5321',520),('Jobke','Terri','Guatemalan','Genderfluid','1983-04-30 09:49:07','66986 Goodland Point','Santa Fe','New Mexico','66858','505-338-4223',521),('Gatherer','Tildi','Colville','Female','2017-09-07 20:10:25','832 Elka Center','Houston','Texas','39567','281-664-1084',522),('Abrahamoff','Forrester','Comanche','Non-binary','1961-07-18 19:56:15','13 School Trail','Monroe','Louisiana','01347','318-555-0860',523),('Wones','Allin','Puerto Rican','Male','2000-06-23 22:18:36','217 Arizona Place','Houston','Texas','09744','713-186-9561',524),('Lieb','Noel','Apache','Genderfluid','1961-03-05 20:22:49','2134 Linden Trail','Laredo','Texas','42511','956-322-5661',525),('Gery','Ellis','Venezuelan','Male','2005-03-09 18:00:39','742 Loomis Circle','Charleston','West Virginia','07420','304-995-7054',526),('Toke','Piper','Blackfeet','Polygender','1944-12-23 14:00:11','701 Ronald Regan Place','San Francisco','California','55511','415-640-1695',527),('Spottiswood','Arden','Cree','Polygender','1984-08-12 04:56:33','08 Hanover Alley','Cincinnati','Ohio','87485','513-328-4518',528),('Gurnell','Calypso','Cherokee','Polygender','1927-05-11 14:49:09','6 Merchant Place','New Brunswick','New Jersey','58137','732-412-3814',529),('Theaker','Rosalind','Japanese','Female','1948-06-11 23:27:00','23 Dahle Circle','Kansas City','Missouri','16624','816-323-9515',530),('Spilstead','Kirk','Puget Sound Salish','Bigender','1989-02-27 04:20:15','508 Dennis Terrace','Kalamazoo','Michigan','21777','269-817-0280',531),('Colton','Eartha','Peruvian','Genderfluid','1929-07-18 14:12:23','8968 Jenna Trail','New York City','New York','69903','917-934-4175',532),('Negus','Meaghan','Cree','Male','1925-09-01 10:38:01','3 Mcguire Road','San Jose','California','58185','408-706-5127',533),('Vittet','Elenore','Central American','Non-binary','1937-09-30 16:35:33','6 Armistice Way','Worcester','Massachusetts','05385','774-422-5439',534),('McCardle','Rayna','Tongan','Agender','1942-06-19 09:35:39','49 Southridge Parkway','Portsmouth','Virginia','23768','757-823-7563',535),('Careless','Sarine','South American','Genderqueer','2012-03-20 06:37:46','9 Birchwood Crossing','Virginia Beach','Virginia','85312','757-608-7589',536),('Gatman','Armin','Alaska Native','Agender','1945-06-20 08:23:24','688 Randy Street','Bronx','New York','44996','718-782-2782',537),('Troucher','Cory','Mexican','Female','1956-10-24 01:57:56','8463 Crownhardt Point','Indianapolis','Indiana','15173','317-785-8732',538),('Corben','Alvera','Nicaraguan','Male','1985-02-24 23:08:47','4 Ridgeway Junction','Staten Island','New York','03656','718-598-3023',539),('Pedler','Vidovic','Guatemalan','Non-binary','1991-10-26 06:37:37','6025 Harbort Pass','Des Moines','Iowa','31917','515-919-7630',540),('Parnell','Rania','Micronesian','Male','1969-09-12 04:13:40','71 Portage Street','Saint Cloud','Minnesota','74794','320-828-3570',541),('Claussen','Faye','Laotian','Bigender','1946-06-15 04:06:57','0975 Bunker Hill Drive','Troy','Michigan','67081','248-892-1597',542),('Robion','Carola','Alaska Native','Bigender','1971-05-23 00:26:34','582 International Road','Colorado Springs','Colorado','63275','719-171-9788',543),('Gregoriou','Maren','Central American','Genderfluid','1942-06-21 05:52:29','91 Lawn Lane','Springfield','Illinois','72185','217-328-4815',544),('Klugel','Dionne','Taiwanese','Polygender','1943-06-24 20:39:39','330 Talmadge Lane','Philadelphia','Pennsylvania','11367','215-645-8376',545),('Matei','Bendix','Delaware','Agender','1985-05-21 07:56:40','6012 Thompson Lane','Bronx','New York','43035','718-841-5266',546),('Spearett','Nananne','Malaysian','Non-binary','1958-04-29 20:14:26','70172 Independence Avenue','Salinas','California','44770','831-971-5723',547),('Birrell','Shelagh','Latin American Indian','Bigender','1931-05-01 12:35:50','19 Elmside Lane','Corpus Christi','Texas','16694','361-925-6251',548),('Arckoll','Ambur','Chickasaw','Non-binary','1935-06-07 21:35:51','52 Kensington Court','Indianapolis','Indiana','77191','317-532-1568',549),('Veldstra','Dalli','Asian','Bigender','1967-09-24 21:56:40','6389 Stuart Road','Lees Summit','Missouri','90471','816-356-5699',550),('Jobbings','Ariella','Ecuadorian','Female','1937-07-11 06:17:20','0 Miller Alley','Washington','District of Columbia','53362','202-889-1432',551),('Clitheroe','Carmon','Nicaraguan','Non-binary','2016-12-27 08:33:24','323 Dakota Road','Glendale','Arizona','62985','623-937-4477',552),('Tremblet','Raleigh','Kiowa','Polygender','1994-11-24 09:53:23','1 Evergreen Road','New Orleans','Louisiana','32335','504-273-2029',553),('Fettis','Juanita','Polynesian','Polygender','1983-10-13 17:30:50','54 Shoshone Center','Port Washington','New York','81220','516-311-0154',554),('McGarrie','Paul','Aleut','Genderqueer','2003-07-21 15:02:34','49109 Utah Place','Austin','Texas','52617','512-964-5735',555),('Yankov','Tarah','Paraguayan','Bigender','2000-04-02 01:13:37','4 Mesta Alley','Washington','District of Columbia','64168','202-101-5023',556),('Moroney','Barbey','Filipino','Female','1924-04-06 09:30:36','2 Londonderry Place','Jefferson City','Missouri','09782','573-959-7412',557),('Leversha','Kahlil','Melanesian','Male','1927-03-25 01:02:11','1 Bluestem Lane','Sunnyvale','California','34320','408-549-1399',558),('Roizn','Benni','Pueblo','Polygender','1963-05-23 23:27:32','242 Lerdahl Lane','Akron','Ohio','23158','330-335-2012',559),('Birley','Clareta','Dominican (Dominican Republic)','Genderfluid','2019-01-19 10:11:18','0705 Lyons Trail','Fresno','California','62069','559-182-7771',560),('Baxandall','Kirsteni','Seminole','Male','1981-01-15 16:41:38','3 Gulseth Hill','Lincoln','Nebraska','80209','402-895-2187',561),('Dahler','Barnabas','Chickasaw','Bigender','1962-11-28 13:35:33','009 Holy Cross Park','Lakeland','Florida','26781','863-477-1272',562),('Sugarman','Rolland','Asian','Female','1951-05-01 02:48:06','055 School Court','Nashville','Tennessee','11678','615-562-7044',563),('Langmuir','Berny','Black or African American','Bigender','1978-12-22 10:24:30','17 Tomscot Pass','Saint Louis','Missouri','54227','314-725-4005',564),('Zollner','Alicea','Guatemalan','Male','1935-12-16 08:02:16','402 Hauk Place','Garland','Texas','19956','214-829-8260',565),('Wharrier','Veronike','Delaware','Bigender','2005-08-29 09:04:29','96 Hollow Ridge Park','Evansville','Indiana','03014','812-272-5356',566),('Delph','Alene','Filipino','Female','1938-03-17 15:28:39','9 Blue Bill Park Road','Chicago','Illinois','97496','312-157-7816',567),('Kippie','Marlane','Colville','Bigender','1961-10-13 01:07:14','8 Roxbury Circle','Tucson','Arizona','60508','520-791-1614',568),('Tapsfield','Loni','Spaniard','Polygender','1973-12-20 01:49:55','92 2nd Place','Washington','District of Columbia','84345','202-127-7325',569),('Brandassi','Blithe','Thai','Genderfluid','1992-05-21 05:16:19','2578 Twin Pines Alley','Albany','New York','79802','518-667-9462',570),('Winskill','Ximenez','Korean','Bigender','1932-12-26 17:28:29','361 Porter Lane','Muncie','Indiana','56354','765-311-2266',571),('O\'Regan','Malia','Alaskan Athabascan','Agender','1960-01-08 10:21:26','9476 6th Crossing','Boston','Massachusetts','40561','339-257-1169',572),('Skeermer','Cristie','Paraguayan','Male','1977-06-26 15:14:34','29 Waxwing Plaza','Charlotte','North Carolina','83391','704-783-8903',573),('Shevlin','Eba','Central American','Male','1966-11-14 09:42:10','5731 Riverside Hill','Albany','New York','63563','518-646-6146',574),('Losemann','Norina','Cheyenne','Genderfluid','1982-03-10 09:25:20','253 5th Parkway','Des Moines','Iowa','98670','515-557-8865',575),('Maypes','Bealle','Chickasaw','Genderqueer','2007-10-08 13:15:11','6382 Logan Court','Lexington','Kentucky','79318','859-669-3391',576),('Carville','Jazmin','Bolivian','Polygender','1925-03-12 06:06:12','37524 Maywood Street','Albany','New York','42485','518-696-9557',577),('Speaks','Papageno','Crow','Polygender','1935-12-18 14:21:10','9 Bobwhite Junction','Boston','Massachusetts','28602','318-582-3554',578),('Caghy','Augusta','Ute','Genderfluid','1948-08-15 18:11:00','247 1st Drive','Denver','Colorado','55708','303-847-6268',579),('Swyre','Maximilianus','Sioux','Bigender','2020-04-08 20:38:08','118 Springs Lane','Lincoln','Nebraska','27678','402-816-3811',580),('Playdon','Jasmin','Cambodian','Polygender','1968-08-21 07:53:11','7389 Forest Dale Way','Mobile','Alabama','51543','251-372-4563',581),('Hoyle','Julian','Ute','Bigender','1973-08-25 08:05:14','3043 Sutteridge Crossing','Anniston','Alabama','72260','256-593-0796',582),('Tuny','Kacey','Melanesian','Genderqueer','1920-11-27 07:47:06','597 Clyde Gallagher Pass','Bridgeport','Connecticut','54539','203-983-5356',583),('Boam','Pippa','Asian Indian','Bigender','1972-02-11 13:58:48','46311 Lakewood Street','Houston','Texas','18240','713-419-3278',584),('Maggiori','Jarrad','Spaniard','Agender','1971-10-30 20:21:37','920 Golf View Way','Gadsden','Alabama','44056','256-111-8645',585),('Wilshin','Nichole','Navajo','Genderqueer','2003-03-21 13:11:42','92 Old Shore Drive','Jamaica','New York','67749','212-236-3591',586),('Heinicke','Genni','Lumbee','Genderqueer','1983-06-17 04:32:46','3 Clemons Street','Paterson','New Jersey','71939','862-436-4599',587),('Mann','Linell','Ottawa','Male','1996-02-02 15:58:39','97160 Stone Corner Hill','New York City','New York','39054','212-492-5575',588),('Koba','Alison','Apache','Female','2016-03-06 03:53:56','31083 Shelley Parkway','Norfolk','Virginia','60982','757-691-2094',589),('Benzing','Irvin','Samoan','Genderfluid','1981-06-09 23:19:03','7372 Pleasure Road','Houston','Texas','79117','713-899-3899',590),('Jeeves','Stephen','Hmong','Female','2005-04-25 23:19:48','054 Morning Trail','Houston','Texas','73974','832-836-8660',591),('Vink','Britt','Vietnamese','Genderqueer','1940-11-21 13:52:55','3 Eliot Center','San Francisco','California','28036','415-911-5827',592),('Peracco','Tildy','Uruguayan','Bigender','2019-07-18 12:06:08','84 Grasskamp Terrace','Albuquerque','New Mexico','15917','505-600-4896',593),('Rennocks','Burnard','White','Male','1978-01-19 23:52:22','74584 John Wall Road','Atlanta','Georgia','23112','404-448-3477',594),('Newark','Anderea','White','Polygender','1981-10-17 19:15:57','5 Namekagon Lane','Las Vegas','Nevada','81748','702-734-2833',595),('Waterhowse','Blakeley','Polynesian','Non-binary','1927-04-17 06:02:07','4 Bunting Road','Charlotte','North Carolina','85392','704-299-2908',596),('Ricart','Phyllida','Yuman','Agender','1925-12-05 22:21:09','768 Blackbird Lane','North Little Rock','Arkansas','49893','501-666-3579',597),('Haymes','Dean','Korean','Bigender','1940-10-26 20:17:02','5 Toban Parkway','Rochester','Minnesota','04373','507-307-0356',598),('Mephan','Calvin','Seminole','Genderfluid','2020-07-24 06:36:14','3 Starling Trail','Miami','Florida','32325','786-824-3030',599),('Oloshin','Dela','Salvadoran','Non-binary','1993-01-31 01:26:39','21611 Westerfield Way','Atlanta','Georgia','15565','770-465-3865',600),('Lourens','Rees','White','Female','1975-06-16 03:51:30','2306 Hanover Circle','Miami','Florida','55167','786-801-6196',601),('Niave','Luci','Uruguayan','Polygender','1986-12-18 10:55:08','64674 Fremont Hill','Birmingham','Alabama','24499','205-557-8702',602),('Youings','Tailor','Choctaw','Bigender','2015-10-24 17:10:07','245 Transport Crossing','Visalia','California','25995','559-811-6854',603),('Gwinnell','Caitlin','Alaskan Athabascan','Bigender','1976-05-30 15:04:13','47048 Alpine Point','San Francisco','California','49614','415-739-1505',604),('Dymidowicz','Annalise','Iroquois','Male','1927-12-13 17:39:44','929 Dakota Way','Birmingham','Alabama','99667','205-684-3590',605),('Childes','Irita','Indonesian','Non-binary','1934-11-11 19:50:50','38582 Larry Park','Washington','District of Columbia','00285','202-413-7069',606),('Farnill','Melody','Taiwanese','Male','1995-03-24 01:37:06','60 Everett Crossing','Corpus Christi','Texas','10033','361-953-1485',607),('Trotton','Nichols','Kiowa','Polygender','1975-11-17 00:11:09','82329 Schmedeman Street','New Orleans','Louisiana','52784','504-106-3746',608),('Greatex','Townsend','Yuman','Agender','2008-05-16 02:37:28','9 Esch Circle','Charlotte','North Carolina','74354','704-146-4324',609),('Caulier','Kori','Menominee','Female','1952-07-24 10:11:46','48281 Westridge Terrace','Yonkers','New York','68322','914-809-5497',610),('Merrikin','Elsy','Cambodian','Agender','1994-06-22 21:46:47','356 Golf Course Park','Boston','Massachusetts','79582','781-972-9415',611),('Dowbekin','Sacha','Sioux','Non-binary','2003-10-11 00:28:20','59730 Browning Point','Pueblo','Colorado','20444','719-463-6648',612),('Batterton','Edd','Crow','Female','1936-02-09 17:50:57','3415 5th Park','Mobile','Alabama','67494','251-462-7250',613),('Gladtbach','Letizia','Menominee','Non-binary','1968-12-02 06:15:53','7 Corscot Plaza','Orlando','Florida','20952','407-101-1992',614),('Garden','Aprilette','Alaska Native','Genderqueer','1999-09-12 20:59:18','22 Columbus Park','Charlottesville','Virginia','29175','434-660-9334',615),('Woolnough','Emmeline','Crow','Genderqueer','1922-01-20 04:24:27','802 Weeping Birch Drive','Denver','Colorado','83456','303-633-6596',616),('McNirlan','Diannne','Pima','Non-binary','1947-01-12 15:28:35','9630 Hintze Alley','Houston','Texas','25182','832-514-4999',617),('Surgood','Beaufort','Iroquois','Agender','1923-01-29 18:10:03','1482 Cambridge Parkway','Ann Arbor','Michigan','84744','734-183-0279',618),('Segebrecht','Annemarie','Bolivian','Male','1950-10-25 20:52:49','63 Little Fleur Parkway','Dallas','Texas','33188','972-555-4143',619),('Ladel','Wyatt','Lumbee','Bigender','1971-08-03 21:13:58','05 Rowland Way','Bridgeport','Connecticut','88977','203-443-1248',620),('Woolpert','Sheffield','Peruvian','Non-binary','1971-01-29 17:54:00','871 Bowman Center','Danbury','Connecticut','59945','203-288-3661',621),('Mitchel','June','Cambodian','Female','1981-03-06 17:01:30','359 Meadow Vale Drive','Berkeley','California','47812','510-531-6391',622),('Briffett','Karie','Latin American Indian','Non-binary','2014-05-09 15:16:21','600 Vahlen Pass','Knoxville','Tennessee','69564','865-223-0686',623),('Jahns','Moritz','Micronesian','Bigender','1953-10-16 06:59:49','2399 Saint Paul Alley','Atlanta','Georgia','87021','404-570-9970',624),('Amies','Marcus','Aleut','Male','1933-12-27 14:28:35','7920 Forest Dale Street','Washington','District of Columbia','44604','202-422-1546',625),('Samber','Sile','Honduran','Non-binary','1975-07-11 09:14:08','1 Kim Circle','Cleveland','Ohio','30656','216-596-2095',626),('Djokovic','Micheal','Menominee','Polygender','1946-05-16 22:12:42','44737 Lighthouse Bay Park','New York City','New York','23040','718-381-3888',627),('Mandres','Saundra','Costa Rican','Female','2002-02-01 10:45:44','356 Blue Bill Park Center','Saint Cloud','Minnesota','29852','320-405-9708',628),('Dufty','Theodoric','Navajo','Bigender','2007-09-04 09:49:19','89 Magdeline Park','Appleton','Wisconsin','71387','920-912-9219',629),('Scarr','Ange','Colombian','Agender','2011-12-23 18:21:41','6 Pine View Place','Birmingham','Alabama','22966','205-712-8986',630),('Abramow','Frankie','Chinese','Agender','1962-08-21 21:28:02','4507 Sauthoff Center','Norfolk','Virginia','22332','757-653-2866',631),('Sharville','Marcie','Menominee','Genderfluid','1998-07-02 13:49:06','08880 Rowland Point','San Antonio','Texas','49327','210-386-0892',632),('Ahmed','Shandy','American Indian and Alaska Native (AIAN)','Agender','1922-04-05 21:57:28','84704 Miller Crossing','Charleston','South Carolina','42335','843-809-4947',633),('Malzard','Gwenora','Comanche','Non-binary','2019-01-29 05:12:33','9266 Dovetail Center','Washington','District of Columbia','79783','202-650-6059',634),('Petyankin','Dela','Puget Sound Salish','Female','2011-07-27 17:06:12','16 Arizona Road','Kalamazoo','Michigan','47254','269-349-0871',635),('Courtney','Teri','White','Female','1930-08-04 14:44:03','0 North Alley','Orlando','Florida','29110','407-725-9453',636),('Peerless','Kacie','Blackfeet','Bigender','1942-07-08 11:37:35','23 Gina Alley','Atlanta','Georgia','48873','404-460-4168',637),('Exall','Dalis','Choctaw','Agender','1977-03-22 12:13:00','417 Pleasure Court','New York City','New York','38506','212-941-0762',638),('Morville','Roosevelt','Guatemalan','Genderqueer','1928-11-04 15:33:28','55 Brown Lane','Omaha','Nebraska','02681','402-254-7893',639),('Cholomin','Micheil','Creek','Genderfluid','1973-12-09 17:47:11','3619 Monument Parkway','Los Angeles','California','19723','213-593-1668',640),('Breakspear','Meghan','Venezuelan','Bigender','1930-11-17 19:41:11','613 Green Junction','Dayton','Ohio','62819','513-912-3705',641),('Ullett','Keary','Navajo','Male','2017-03-11 06:26:32','48 Springs Pass','Fresno','California','63768','559-888-5206',642),('Lammert','Marion','Sioux','Genderqueer','2004-03-13 09:16:41','13 Division Lane','Omaha','Nebraska','84140','402-899-9145',643),('Domerq','Prudy','Filipino','Agender','1922-03-27 17:10:08','14 Porter Center','Raleigh','North Carolina','69714','919-960-5098',644),('McClosh','Cad','Costa Rican','Female','1959-12-13 23:51:44','49629 Utah Lane','Homestead','Florida','88680','305-679-2423',645),('Ghidotti','Cyndia','Yuman','Female','1996-05-17 05:58:08','86633 Thierer Street','Santa Ana','California','11625','714-759-2349',646),('Dalziell','Belle','Chilean','Bigender','1944-04-17 06:20:35','645 Namekagon Road','Decatur','Georgia','72491','770-330-2122',647),('McAlroy','Marne','Colville','Female','1957-08-28 19:25:55','2 Glendale Circle','Orlando','Florida','60938','321-658-5894',648),('Giovanitti','Efren','Laotian','Agender','1963-05-18 20:54:55','49 Mosinee Circle','Columbia','Missouri','03565','573-567-3612',649),('Woolis','Corri','Paraguayan','Bigender','1941-03-07 13:05:52','322 Goodland Alley','Saint Petersburg','Florida','85389','727-563-3583',650),('Konneke','Kettie','Navajo','Female','1939-10-21 07:39:06','41518 Hanover Drive','Dayton','Ohio','38626','937-469-9439',651),('Broady','Christie','Native Hawaiian','Polygender','1958-05-11 21:35:31','40 Buhler Trail','Oklahoma City','Oklahoma','71190','405-471-8764',652),('Syplus','Gus','Filipino','Genderqueer','1985-10-18 13:44:43','8 Johnson Road','Fayetteville','North Carolina','63112','910-932-6546',653),('Reede','Michail','Mexican','Polygender','1954-06-12 08:11:04','63 Walton Road','Kansas City','Missouri','37276','816-583-5207',654),('Courteney','Hillie','Crow','Genderqueer','2003-02-18 13:40:11','70203 Eagle Crest Hill','Sacramento','California','74612','916-369-1829',655),('Cawthorne','Eleanora','Chamorro','Female','1999-03-30 21:39:27','0 Leroy Court','Charleston','West Virginia','26684','304-877-4123',656),('Kyles','Danya','Cherokee','Female','1947-02-11 03:10:43','0 Portage Lane','Fresno','California','01155','559-570-3180',657),('Baudinet','Parrnell','Bolivian','Genderqueer','1947-08-23 15:17:51','318 Gateway Parkway','Long Beach','California','79904','562-744-0803',658),('Mosey','Hermine','Blackfeet','Non-binary','1969-11-04 22:22:55','1 Grayhawk Parkway','Cedar Rapids','Iowa','51929','319-124-5202',659),('MacCardle','Hyacinthie','Choctaw','Male','1954-07-05 06:42:57','7 Moose Place','Tucson','Arizona','73940','520-258-5680',660),('Kaasman','Steve','Crow','Female','1922-09-08 04:00:54','9 Mifflin Junction','Marietta','Georgia','28572','678-245-7665',661),('Veness','Fredelia','Comanche','Male','1965-03-26 02:32:10','71 Bowman Way','Hattiesburg','Mississippi','63465','601-216-7919',662),('Rediers','Devlen','Pima','Polygender','1971-03-28 04:50:16','03 Ilene Place','Clearwater','Florida','62609','727-437-2218',663),('Woodyatt','Pearle','Alaskan Athabascan','Agender','1981-12-01 09:25:27','160 Eastlawn Avenue','Saint Paul','Minnesota','09584','651-125-7400',664),('Frew','Rasla','Venezuelan','Non-binary','2018-05-13 05:00:40','76459 Evergreen Way','Saint Petersburg','Florida','95044','727-556-8386',665),('Moulton','Danyelle','Eskimo','Agender','1966-05-10 05:22:00','0 Autumn Leaf Drive','Fayetteville','North Carolina','35778','910-678-2266',666),('Wardlow','Essie','Yaqui','Non-binary','1960-11-05 07:00:48','8293 Clarendon Junction','Indianapolis','Indiana','02941','317-249-4195',667),('Crotty','Billie','Samoan','Male','1970-10-08 12:08:53','94346 Gerald Crossing','Grand Junction','Colorado','05298','970-623-0499',668),('Whitecross','Delia','Indonesian','Female','1926-06-28 03:45:32','17058 Merry Crossing','Largo','Florida','53046','727-276-6053',669),('Uzzell','Kimbell','Polynesian','Male','1946-08-17 16:53:45','34 Pearson Place','Springfield','Missouri','83605','417-289-4434',670),('Wainman','Nolly','Korean','Bigender','2005-01-18 23:09:52','21 Vera Court','Nashville','Tennessee','68356','615-365-3414',671),('Chowne','Katleen','White','Non-binary','1952-01-05 07:30:33','4 Wayridge Street','Miami','Florida','53043','305-921-1649',672),('Wadlow','Kendell','Yakama','Female','1999-12-16 21:47:07','06 Northland Place','Gastonia','North Carolina','79954','704-140-0274',673),('Ambridge','Davida','Hmong','Bigender','1972-08-09 09:58:41','082 Pearson Drive','Cincinnati','Ohio','67269','513-867-5039',674),('Hillen','Lucine','Lumbee','Male','1968-07-06 04:02:04','28 Washington Drive','Charleston','South Carolina','73561','843-951-5176',675),('Jessen','Patricia','Indonesian','Genderfluid','1951-02-25 22:30:35','3 Arkansas Junction','Santa Barbara','California','45031','805-624-4456',676),('Meddick','Ann','Cuban','Genderqueer','1998-02-09 20:50:25','55 Ronald Regan Center','Orlando','Florida','95867','407-816-2216',677),('Gagin','Coralyn','Chamorro','Agender','1989-05-10 19:07:22','2 Meadow Valley Hill','Anniston','Alabama','94903','256-467-6766',678),('Narraway','Giorgia','Creek','Non-binary','1950-04-05 14:42:37','0875 Nancy Court','York','Pennsylvania','00310','717-119-5942',679),('Damrel','Randi','Filipino','Female','1990-07-29 08:55:35','8 Grasskamp Park','Austin','Texas','34275','512-288-0519',680),('Leathe','Jackelyn','Bangladeshi','Female','2014-05-29 16:29:47','98787 Esker Plaza','Chula Vista','California','13359','619-107-3504',681),('Stirrip','Abbot','Chamorro','Genderqueer','1980-09-05 23:19:23','4446 Coleman Pass','Topeka','Kansas','78972','785-833-0112',682),('Glisane','Gordie','Yakama','Male','1990-09-12 18:39:55','96998 Main Terrace','Washington','District of Columbia','21895','202-449-0486',683),('Roebottom','Row','Alaska Native','Polygender','1971-12-10 05:45:52','2858 Acker Crossing','San Diego','California','78012','619-529-5422',684),('Ginnally','Hayes','Chilean','Male','2010-07-22 10:53:21','87 Reindahl Junction','Hartford','Connecticut','57562','860-110-5173',685),('Tonkinson','Freemon','Ute','Non-binary','1979-11-28 00:52:31','7 Loftsgordon Trail','Memphis','Tennessee','72209','901-907-1189',686),('Makinson','Prentiss','Salvadoran','Genderfluid','1950-07-29 01:52:33','53 Schurz Terrace','Denver','Colorado','76467','303-581-4106',687),('Shenfisch','Melitta','Yuman','Male','1958-11-20 20:03:49','12432 Washington Plaza','Springfield','Virginia','55814','571-475-4666',688),('Lucock','Nicol','Cherokee','Genderfluid','1922-07-03 05:10:00','0765 Ridge Oak Trail','Tacoma','Washington','73234','253-766-3025',689),('MacIlriach','Sherline','Chilean','Agender','2015-09-30 04:31:25','51170 Buell Park','Pinellas Park','Florida','18340','850-429-8422',690),('Thicking','Raffaello','Central American','Polygender','1993-06-20 01:18:01','59 Homewood Parkway','Gatesville','Texas','97623','254-838-5472',691),('Pigden','Nicolis','American Indian and Alaska Native (AIAN)','Bigender','1979-09-29 04:41:44','2907 Summerview Terrace','Mesa','Arizona','09279','602-365-2789',692),('Vanderplas','Andree','Latin American Indian','Genderfluid','1927-02-18 11:01:57','3 Ilene Crossing','Spokane','Washington','25442','509-418-7506',693),('Letts','Roanne','Latin American Indian','Genderfluid','1953-09-22 01:19:01','7 Roth Way','Omaha','Nebraska','36520','402-560-9593',694),('Hynson','Stephi','South American','Genderfluid','1975-06-02 05:19:49','96917 International Lane','Berkeley','California','87433','510-554-4288',695),('Lissandrini','Chucho','Yaqui','Bigender','1926-02-12 20:00:05','42258 Cardinal Hill','Tulsa','Oklahoma','31176','918-621-7605',696),('Haldin','Stefan','Indonesian','Polygender','1941-03-29 16:07:40','29276 Vahlen Way','Flint','Michigan','85609','810-298-5846',697),('Hansemann','Felicio','Samoan','Genderfluid','1948-03-28 11:24:43','032 Ohio Trail','Brooklyn','New York','49064','646-172-2045',698),('Courteney','Garek','American Indian and Alaska Native (AIAN)','Bigender','1985-05-05 11:13:11','19 Golf Course Circle','Dallas','Texas','19749','972-145-7687',699),('Harroll','Valentijn','Honduran','Genderqueer','1966-07-05 03:02:54','79912 Dovetail Park','Humble','Texas','20492','713-530-4500',700),('Rackley','Melitta','Bangladeshi','Agender','1929-01-23 10:08:50','637 Northland Alley','Henderson','Nevada','57416','702-814-5110',701),('Skottle','Anselma','Native Hawaiian','Genderqueer','1947-07-25 08:08:45','3616 Vahlen Street','Pasadena','California','85288','626-885-5489',702),('Reinhart','Horten','Salvadoran','Bigender','1965-08-05 04:27:07','437 8th Lane','Santa Fe','New Mexico','73966','505-347-7282',703),('Nulty','Marshal','Venezuelan','Male','1976-01-09 14:02:39','0864 5th Court','Stockton','California','30805','209-749-3431',704),('MacMillan','Nikolos','Japanese','Genderqueer','1931-08-16 13:34:19','82223 Cambridge Trail','Erie','Pennsylvania','10985','814-618-2162',705),('Taynton','Tuckie','Vietnamese','Agender','1984-08-02 05:39:12','894 Vermont Junction','Nashville','Tennessee','95236','615-281-9079',706),('Sander','Micaela','Venezuelan','Male','2007-08-10 13:00:16','7189 Eastlawn Alley','Norfolk','Virginia','55189','757-590-2819',707),('Sturdy','Corey','Uruguayan','Agender','1981-11-24 04:39:38','13 Bunting Junction','Houston','Texas','19349','832-912-4976',708),('Jankovsky','Brenda','Potawatomi','Non-binary','1955-01-12 23:49:14','013 Anhalt Crossing','Washington','District of Columbia','21874','202-195-7467',709),('Schade','Nalani','Nicaraguan','Bigender','1966-03-24 13:34:50','9 Eagan Way','Albany','New York','49129','518-310-1304',710),('Littler','Blane','Samoan','Non-binary','1926-01-29 05:19:01','43229 Garrison Alley','Jacksonville','Florida','10807','904-113-9062',711),('Tarpey','Lorrie','Cheyenne','Female','2002-11-03 17:34:01','74613 Amoth Junction','Louisville','Kentucky','12001','502-750-9454',712),('Simionescu','Kitti','Tongan','Genderqueer','1933-04-28 09:13:02','2328 Crest Line Road','New Orleans','Louisiana','57005','504-507-2247',713),('Wanjek','Taryn','Yuman','Genderqueer','1953-09-27 07:50:57','82886 Schiller Crossing','Dallas','Texas','39082','214-938-1682',714),('Pllu','Erinna','Alaska Native','Bigender','1953-10-29 07:18:13','74 Muir Place','Hot Springs National Park','Arkansas','22615','501-617-4787',715),('Jancey','Staffard','Kiowa','Bigender','1998-02-02 15:56:14','8 Ilene Terrace','Fort Wayne','Indiana','91576','260-592-9902',716),('Killelay','Xylina','Indonesian','Male','2016-11-13 12:05:46','359 Continental Place','Sarasota','Florida','63624','941-110-5304',717),('Yosevitz','Hali','Apache','Female','1973-07-27 13:17:03','39275 Petterle Way','Mesa','Arizona','98425','602-791-1994',718),('McMonnies','Dulcinea','Honduran','Polygender','1937-06-25 22:27:59','165 Westport Road','Pittsburgh','Pennsylvania','49703','412-860-3225',719),('Alesbrook','Christi','Ottawa','Female','2017-12-26 05:04:14','4 Cherokee Place','El Paso','Texas','85277','915-391-6730',720),('Adamo','Thea','Delaware','Male','1963-06-19 03:08:15','68211 Moland Street','Las Vegas','Nevada','28227','702-551-2570',721),('Ruskin','Archy','Taiwanese','Polygender','1937-03-09 22:31:04','8 Hayes Way','Atlanta','Georgia','47589','404-627-8468',722),('Peal','Belva','Shoshone','Genderfluid','1949-06-29 17:17:22','8 Sycamore Junction','Colorado Springs','Colorado','33536','719-510-6954',723),('Decreuze','Felipe','Kiowa','Bigender','1983-08-26 10:06:03','7539 Maryland Avenue','York','Pennsylvania','94684','717-857-3903',724),('Bruinemann','Sanson','Pakistani','Female','1921-11-09 09:45:38','5 Trailsway Circle','Fort Worth','Texas','64611','817-496-8889',725),('Bollen','Dionis','Dominican (Dominican Republic)','Female','1932-07-27 13:58:20','01 Miller Circle','El Paso','Texas','69366','915-354-4380',726),('Lindsley','Michelle','Yaqui','Polygender','1972-11-06 13:30:55','84 Mosinee Point','Hartford','Connecticut','93677','860-403-9625',727),('Bernon','Lina','Nicaraguan','Bigender','2004-12-30 04:50:10','4333 Eggendart Circle','New York City','New York','69569','212-730-1252',728),('Margarson','Emmeline','Chinese','Non-binary','2000-12-31 08:22:47','457 Holmberg Park','Miami','Florida','39008','305-697-0605',729),('Binder','Ana','Paraguayan','Non-binary','1932-01-31 17:33:26','00 Parkside Alley','Mesa','Arizona','49224','602-278-6399',730),('Bowen','Marice','Malaysian','Bigender','2007-08-10 13:03:48','45 Dayton Road','Jamaica','New York','71617','718-747-4167',731),('Seifenmacher','Jimmie','Panamanian','Female','1943-07-19 21:06:16','5 Buhler Pass','Denver','Colorado','56211','303-101-4749',732),('Hierro','Giovanna','Potawatomi','Non-binary','1970-03-19 07:00:35','89 Fisk Street','Dayton','Ohio','55714','937-537-9067',733),('De Michele','Anastasie','White','Polygender','1929-06-27 04:08:20','24303 Little Fleur Circle','Juneau','Alaska','27949','907-335-8511',734),('Spera','Taite','Latin American Indian','Non-binary','1975-04-24 18:14:17','6147 Hollow Ridge Place','Fairbanks','Alaska','90729','907-899-2425',735),('Mettricke','Giles','Native Hawaiian and Other Pacific Islander (NHPI)','Genderqueer','1994-02-17 23:55:58','37853 Jackson Plaza','Santa Fe','New Mexico','37831','505-222-4681',736),('Coytes','Giavani','Nicaraguan','Male','1985-12-21 03:00:12','52 Sunnyside Court','Staten Island','New York','71161','718-799-4112',737),('Wollers','Terencio','Yuman','Male','1965-12-24 02:47:53','88754 Gateway Lane','Washington','District of Columbia','46448','202-330-0139',738),('Ewence','Sharona','Pima','Agender','1971-07-09 16:39:39','50304 Ohio Parkway','Daytona Beach','Florida','46756','386-199-4587',739),('Joron','Averill','Blackfeet','Female','1974-05-30 12:15:47','2 Bluejay Park','Norfolk','Virginia','87580','757-465-2318',740),('Littlechild','Corbett','Shoshone','Genderfluid','2000-12-15 20:19:39','29 Meadow Ridge Junction','Fort Worth','Texas','04381','817-495-4517',741),('Wellsman','Lind','Asian','Female','1974-11-13 05:14:33','6 Dahle Place','Denver','Colorado','37986','303-451-4209',742),('Dyball','Patrizius','Central American','Polygender','1991-09-15 10:12:45','8 Trailsway Place','Midland','Texas','64082','432-779-0933',743),('Thorpe','Eugenia','Lumbee','Agender','2014-06-06 18:03:55','7896 Clyde Gallagher Center','Boise','Idaho','76764','208-900-3247',744),('Craddy','Minne','Tongan','Polygender','1993-03-05 10:22:43','2 Dixon Crossing','Bowie','Maryland','12763','240-391-8651',745),('Cottu','Pepe','Cheyenne','Bigender','1968-03-25 16:41:29','16 Mccormick Avenue','Pueblo','Colorado','44540','719-597-9316',746),('MacGillespie','Betty','Central American','Agender','1981-02-03 17:53:02','4366 Merry Drive','Detroit','Michigan','21536','313-823-3700',747),('Slocumb','Becki','Yuman','Bigender','1968-05-17 05:03:51','462 Evergreen Lane','Bradenton','Florida','20223','727-503-4507',748),('Gammet','Caty','Costa Rican','Bigender','1928-12-15 08:14:16','231 Southridge Parkway','Farmington','Michigan','30521','248-883-2912',749),('O\'Rudden','Peri','Taiwanese','Non-binary','1995-08-06 21:09:39','4 Meadow Ridge Parkway','Pomona','California','84828','909-332-9097',750),('Batsford','Alphonse','Bolivian','Genderfluid','1972-02-24 11:07:29','95572 Hagan Place','San Antonio','Texas','71928','210-182-6576',751),('MacGillacolm','Stella','Tongan','Genderfluid','1966-05-24 12:29:54','5 Heath Center','Jersey City','New Jersey','95685','201-243-3990',752),('Fawcus','Dorie','Salvadoran','Polygender','1960-02-24 09:28:37','8 Esker Court','Montgomery','Alabama','67198','334-692-9961',753),('Mollindinia','Cecil','Cherokee','Female','1978-10-09 07:15:15','5063 Mcguire Street','Anchorage','Alaska','44946','907-772-5258',754),('Edens','Lee','Delaware','Female','1992-10-26 05:40:41','559 Debra Terrace','Saint Paul','Minnesota','69950','651-213-0554',755),('Dunstan','Marsha','Ottawa','Genderfluid','1968-04-13 23:50:47','99543 Eastlawn Plaza','Melbourne','Florida','23764','321-843-8705',756),('Rushbrooke','Madison','Shoshone','Polygender','1990-12-25 17:01:13','8236 Thompson Parkway','Alexandria','Virginia','36559','703-366-1158',757),('Arkow','Reginauld','Melanesian','Polygender','1971-08-21 08:07:42','06 Quincy Circle','Plano','Texas','53494','469-370-4074',758),('Hodjetts','Janean','Chilean','Non-binary','1976-10-03 08:50:17','674 Park Meadow Place','Saint Paul','Minnesota','90284','651-736-9422',759),('Settle','Ilsa','Mexican','Male','2017-08-26 12:18:40','895 Springview Way','Denver','Colorado','01689','303-846-7461',760),('Appleyard','Katinka','Shoshone','Female','1942-07-06 10:09:37','2148 Maple Wood Plaza','El Paso','Texas','55869','915-966-2275',761),('Rantoull','Florance','Chinese','Genderqueer','1960-09-21 19:07:12','9796 Moose Street','New Orleans','Louisiana','74141','504-736-9471',762),('Yurshev','Tuesday','Bolivian','Male','2017-11-23 01:26:49','37888 Morningstar Court','Troy','Michigan','39765','248-850-3295',763),('Castletine','Trumaine','Tongan','Bigender','1947-06-29 14:24:20','907 Corben Alley','El Paso','Texas','77403','915-630-1379',764),('Scurrey','Mikaela','Dominican (Dominican Republic)','Polygender','2003-11-21 03:33:48','475 Corry Point','New York City','New York','21661','212-856-9211',765),('Eager','Isis','Ottawa','Female','1952-09-14 01:04:32','04782 Becker Street','Kansas City','Missouri','22146','816-230-0313',766),('Licciardo','Celia','Latin American Indian','Polygender','1989-12-16 00:52:05','66740 Havey Alley','Indianapolis','Indiana','52488','317-473-0180',767),('Proctor','Fabe','Delaware','Genderqueer','2016-09-04 05:48:37','9 7th Terrace','Knoxville','Tennessee','52796','865-244-4547',768),('Clemoes','Christan','Delaware','Genderqueer','1975-03-12 17:38:10','8 Hermina Court','Bakersfield','California','82034','661-599-5779',769),('Bingall','Jeno','Chamorro','Bigender','1948-08-01 14:32:23','92906 Gale Park','Louisville','Kentucky','91610','502-792-6754',770),('Coalburn','Tandi','Panamanian','Male','1928-06-11 11:08:47','331 Shopko Way','Milwaukee','Wisconsin','97036','262-275-9545',771),('Sisley','Orin','Asian Indian','Genderqueer','1983-06-02 20:21:31','29 Spenser Place','Tacoma','Washington','84470','253-135-5485',772),('Zuenelli','Jayme','American Indian and Alaska Native (AIAN)','Bigender','2015-03-22 09:35:25','48892 Onsgard Drive','Columbus','Georgia','21755','706-323-9627',773),('Adamik','Kellina','Dominican (Dominican Republic)','Non-binary','2006-01-04 23:25:29','87570 Lunder Place','Albany','New York','58356','518-450-4172',774),('Ferrier','Corney','Menominee','Polygender','1925-05-14 15:12:44','0017 Walton Point','Grand Rapids','Michigan','87411','616-172-0853',775),('Oulner','Amargo','Cambodian','Male','1938-11-19 17:27:23','04 Tony Parkway','Corpus Christi','Texas','71371','361-229-0507',776),('Giblin','Mireille','Pima','Non-binary','2005-03-27 19:55:05','2551 Bluestem Hill','Fort Worth','Texas','37329','682-700-6850',777),('Pretsel','Matthiew','Colombian','Genderfluid','2006-03-10 14:09:48','8987 Pine View Parkway','Indianapolis','Indiana','91561','317-394-2474',778),('Vigar','Muhammad','Osage','Polygender','1990-09-18 05:18:52','14 Del Mar Avenue','San Rafael','California','84967','415-694-9988',779),('Loudiane','Terza','Bolivian','Genderfluid','1977-07-08 09:13:03','3 Ryan Terrace','Salem','Oregon','53638','503-608-7776',780),('Habergham','Antin','Apache','Genderfluid','1934-10-13 16:56:00','6 Dapin Circle','Detroit','Michigan','03610','313-327-0663',781),('Staite','Lissie','Puget Sound Salish','Bigender','1931-01-16 01:41:02','83 Sunnyside Center','El Paso','Texas','83542','915-204-5235',782),('Dorward','Angelico','Panamanian','Male','1997-03-15 19:27:38','25053 Boyd Junction','Vero Beach','Florida','39123','772-824-4005',783),('Simner','Javier','Kiowa','Bigender','1920-08-14 12:39:57','2224 Helena Drive','Cincinnati','Ohio','94301','513-405-3458',784),('Stradling','Audrey','Cheyenne','Male','1974-09-05 21:04:50','5410 Westport Junction','Miami Beach','Florida','76465','305-100-7395',785),('Scarsbrick','Isacco','Paraguayan','Male','1937-02-17 15:54:37','7404 Starling Trail','Hartford','Connecticut','22644','860-994-9859',786),('Ault','Selia','Latin American Indian','Female','1979-09-20 14:29:24','0 Amoth Crossing','Phoenix','Arizona','00490','602-402-7487',787),('Etherton','Virgie','Alaskan Athabascan','Agender','2008-01-14 08:20:41','9016 Lyons Way','El Paso','Texas','42908','915-383-3285',788),('Cuningham','Denice','Seminole','Agender','1965-01-08 10:57:45','66125 Stoughton Crossing','Philadelphia','Pennsylvania','70314','610-246-1341',789),('Rippingall','Zared','Chilean','Non-binary','1963-01-12 20:22:11','5886 Harper Trail','Phoenix','Arizona','76390','602-934-6547',790),('Maving','Hanny','Yaqui','Male','2020-09-26 23:26:51','753 Iowa Point','Richmond','Virginia','13207','757-184-1218',791),('Tudball','Gordon','Salvadoran','Male','2020-03-08 14:30:09','1672 Heffernan Crossing','San Diego','California','04140','619-113-7640',792),('Glanfield','Eolande','Black or African American','Male','1971-12-12 14:33:11','50 Schlimgen Drive','Biloxi','Mississippi','88801','228-273-0658',793),('Giovanardi','Witty','White','Non-binary','2005-07-28 12:52:53','85963 Stang Plaza','Cincinnati','Ohio','47136','513-744-6403',794),('Rimour','Lucais','Pakistani','Genderfluid','2005-04-03 11:47:57','92 Elka Avenue','Monroe','Louisiana','26544','318-137-8169',795),('Schenkel','Mareah','Dominican (Dominican Republic)','Male','1925-05-17 09:54:32','37 Lakeland Way','Kansas City','Missouri','34826','816-528-7031',796),('Scopes','Eartha','Yuman','Genderqueer','1997-07-17 17:16:40','6117 Sunbrook Circle','Seattle','Washington','43597','425-798-8756',797),('Corkhill','Mead','Samoan','Female','1998-09-26 09:04:28','53205 Arkansas Center','Springfield','Massachusetts','90778','413-887-2879',798),('Cobello','Parsifal','American Indian and Alaska Native (AIAN)','Polygender','1967-12-13 05:51:10','3276 Arapahoe Pass','Sarasota','Florida','98742','941-303-9488',799),('Gotcliffe','Stoddard','Ottawa','Genderfluid','1996-05-12 23:30:12','900 Hovde Circle','Lawrenceville','Georgia','31523','404-692-5207',800),('Chantler','Costa','Colombian','Male','1938-05-10 10:41:08','76 Lerdahl Junction','Pittsburgh','Pennsylvania','11221','412-106-6774',801),('Paulat','Tull','Pima','Bigender','1961-01-12 19:34:42','5 Darwin Center','Palatine','Illinois','49296','847-510-1423',802),('Di Napoli','Jemmie','Chippewa','Female','1965-03-04 23:05:58','59 Thompson Court','Fort Worth','Texas','19579','817-375-3885',803),('Boome','Vivyan','Navajo','Bigender','1922-03-15 12:46:23','3757 Hallows Circle','Huntsville','Alabama','78338','256-549-6671',804),('Baggally','Iorgos','Iroquois','Agender','1922-05-10 10:58:19','3 Melvin Plaza','Kalamazoo','Michigan','46777','269-956-2421',805),('Martschik','Jolene','Houma','Genderqueer','1934-06-28 22:52:17','84 Lake View Hill','Jacksonville','Florida','30963','904-282-4467',806),('Yanukhin','Germayne','Pakistani','Genderqueer','2004-08-24 19:19:23','4 Eastlawn Junction','Saint Petersburg','Florida','67771','727-912-0760',807),('Buckle','Owen','Peruvian','Agender','1983-03-15 00:03:26','3998 Hagan Junction','Marietta','Georgia','57697','770-606-7354',808),('Marzellano','Lorita','Dominican (Dominican Republic)','Bigender','2017-07-21 05:31:05','9 Anderson Court','Sacramento','California','98171','916-111-8608',809),('Atty','Petey','Choctaw','Male','1975-09-15 11:14:08','16 Dawn Way','Tucson','Arizona','27261','520-867-2905',810),('Odeson','Delainey','Cherokee','Genderfluid','2015-02-01 19:06:59','22623 Brentwood Plaza','Hartford','Connecticut','74187','860-210-9769',811),('Petrasso','Pamella','Crow','Male','1945-10-11 15:24:33','94 Jenna Road','Kansas City','Missouri','12295','816-682-7183',812),('Dysart','Nariko','Costa Rican','Bigender','1964-12-28 13:10:01','83098 Birchwood Court','Washington','District of Columbia','17961','202-194-9868',813),('Whitebrook','Modestine','Micronesian','Polygender','1944-10-28 23:51:29','344 Fair Oaks Parkway','Cumming','Georgia','82543','706-120-2749',814),('O\' Donohoe','Vergil','American Indian and Alaska Native (AIAN)','Agender','1995-05-14 17:34:02','295 Di Loreto Trail','Green Bay','Wisconsin','72441','920-936-2700',815),('Catonnet','Gabbie','Lumbee','Agender','1924-07-24 06:12:26','104 Talisman Circle','South Bend','Indiana','65179','574-676-3481',816),('Hayer','Kathryn','Taiwanese','Genderqueer','2001-04-14 20:54:35','348 Spenser Center','Kansas City','Missouri','99135','816-661-4813',817),('Camocke','Dosi','South American','Agender','2016-08-04 17:10:52','58 Duke Parkway','Jackson','Mississippi','41473','601-712-1314',818),('Spawforth','Claiborn','Thai','Bigender','1986-11-22 15:26:29','5904 3rd Crossing','Muncie','Indiana','99458','765-405-6284',819),('Dumpleton','Esther','Taiwanese','Female','1932-09-22 18:03:52','27 Clove Road','Portland','Oregon','12978','503-241-9691',820),('Cromar','Misha','Puerto Rican','Non-binary','1942-05-23 19:06:55','8 1st Terrace','Spring','Texas','53799','409-693-8411',821),('Klimkov','Linnie','Apache','Female','1974-05-31 11:54:30','79 Reinke Center','Kansas City','Missouri','55868','816-864-9364',822),('Jessup','Hadria','Mexican','Non-binary','1964-02-08 05:53:07','1 David Park','Jackson','Mississippi','45771','601-769-9440',823),('Fishpoole','Maurizio','Shoshone','Agender','1929-07-10 05:13:57','7 Eliot Road','Midland','Michigan','56884','989-907-5954',824),('Parminter','Elmo','Fijian','Non-binary','2017-03-15 21:08:34','9889 Southridge Center','Minneapolis','Minnesota','08107','612-127-9063',825),('Bandey','Cirilo','Bolivian','Female','2010-07-25 11:31:03','5 Moulton Lane','Boston','Massachusetts','21799','781-550-6100',826),('Ducket','Krishnah','Houma','Non-binary','2008-09-16 23:47:10','386 Grover Road','Omaha','Nebraska','59056','402-391-3155',827),('Bradnocke','Lucilia','Aleut','Polygender','1947-10-31 14:16:19','44214 Northland Pass','Austin','Texas','85882','512-915-7956',828),('Tuvey','Karrah','Yuman','Agender','1980-01-17 12:01:31','9295 Spenser Park','Cleveland','Ohio','42208','440-689-1942',829),('Dibdale','Pepillo','Chickasaw','Polygender','1947-09-27 08:36:02','0 Mifflin Trail','Tucson','Arizona','79123','520-245-2443',830),('Cragell','Marsh','Laotian','Non-binary','1930-12-15 04:24:04','0105 Ramsey Center','Boca Raton','Florida','54550','561-362-5886',831),('Cropp','Trish','Cherokee','Genderfluid','1949-08-11 13:17:09','56 Nobel Pass','Boulder','Colorado','58695','303-844-1077',832),('Ragat','Eilis','Argentinian','Polygender','1930-03-07 23:52:41','2710 Shasta Court','Las Vegas','Nevada','94886','702-221-7096',833),('Chellenham','Marline','Panamanian','Genderqueer','1970-10-14 02:31:16','93 Burning Wood Pass','Fresno','California','58385','559-251-7516',834),('Heinert','Cesare','Mexican','Non-binary','1962-01-09 11:18:49','992 Iowa Place','Lincoln','Nebraska','29821','402-963-4958',835),('Weare','Shellie','Taiwanese','Male','2014-11-05 03:43:06','352 Mockingbird Circle','Pittsburgh','Pennsylvania','97438','412-902-1357',836),('Curr','Bartram','Blackfeet','Non-binary','2007-11-25 07:19:33','253 Rowland Lane','Charleston','South Carolina','08721','843-338-9342',837),('Domelow','Ches','Sri Lankan','Male','1921-04-27 10:04:42','205 Carey Alley','Great Neck','New York','93731','516-250-6897',838),('Bettison','Eveleen','Alaska Native','Bigender','1945-12-03 15:47:45','45569 Lakewood Gardens Trail','Waterbury','Connecticut','24526','203-339-2112',839),('Plett','Antonino','Paraguayan','Bigender','1953-07-17 23:26:05','1 Hoepker Point','Wichita','Kansas','50043','316-198-0551',840),('Imison','Laurella','Ecuadorian','Polygender','1982-10-03 17:16:05','5111 Cambridge Trail','Corpus Christi','Texas','05321','361-871-9410',841),('Eskrigg','Creighton','Thai','Male','1936-05-24 01:47:38','300 Glacier Hill Park','High Point','North Carolina','84570','336-602-7022',842),('Lock','Jakob','Guatemalan','Genderfluid','1947-06-06 19:36:26','240 Tomscot Alley','Anaheim','California','42954','714-558-4391',843),('Menco','Jenda','Cambodian','Genderqueer','2000-07-13 19:55:31','165 Bowman Trail','Cincinnati','Ohio','04600','513-503-5307',844),('Brownhall','Millisent','Korean','Bigender','2000-07-31 18:32:10','43697 Shoshone Terrace','Naples','Florida','09612','239-872-1508',845),('Pearsall','Agustin','Colombian','Male','2017-10-04 22:46:56','3 Laurel Place','Houston','Texas','87537','713-821-8968',846),('Jacobbe','Jeanine','Cherokee','Polygender','1938-03-27 13:22:07','7070 Hoard Street','San Antonio','Texas','15975','210-391-3586',847),('Feckey','Ambrosi','American Indian','Bigender','1999-06-06 17:36:51','49 Glacier Hill Lane','Sacramento','California','68787','916-188-3483',848),('Kliner','Barty','Choctaw','Bigender','2009-03-04 09:17:28','49 Vahlen Parkway','Trenton','New Jersey','06488','609-702-3603',849),('Bodleigh','Loleta','Asian Indian','Genderqueer','1995-05-28 13:48:29','82700 Oak Pass','Jackson','Tennessee','35286','731-785-1101',850),('Prandini','Mirabelle','Taiwanese','Bigender','1980-05-04 23:04:51','6657 Arrowood Street','Pittsburgh','Pennsylvania','83677','412-396-1825',851),('Nisen','June','Aleut','Female','1929-12-18 12:06:23','40658 Rusk Hill','Saint Petersburg','Florida','70315','727-334-6209',852),('Keinrat','Bartie','Cambodian','Male','1951-06-14 02:23:33','3 Lunder Terrace','San Antonio','Texas','49672','210-210-6895',853),('Gregorowicz','Fianna','Chinese','Non-binary','1988-05-05 18:27:04','29648 Warner Street','Fort Lauderdale','Florida','41043','754-881-9334',854),('Crocetto','Angelina','Yuman','Female','1920-10-18 18:14:40','2 Myrtle Junction','South Bend','Indiana','67297','574-251-3789',855),('Cherry Holme','Lindsy','Puerto Rican','Genderqueer','1949-10-02 01:22:07','75611 Troy Trail','Jacksonville','Florida','34956','904-507-1873',856),('Gatty','Leia','Choctaw','Female','1950-05-13 08:50:38','4023 Burning Wood Junction','Arlington','Virginia','62462','571-618-7236',857),('Langstone','Pepita','Malaysian','Polygender','1949-10-29 04:47:15','23425 Badeau Drive','Johnson City','Tennessee','74990','423-953-2248',858),('Ramet','Nadya','White','Non-binary','1922-12-03 06:01:27','8 Cascade Road','Bismarck','North Dakota','50066','701-757-5037',859),('Iacovuzzi','Mikel','Polynesian','Polygender','1989-10-05 10:57:37','8790 Village Alley','Miami','Florida','50391','786-873-1601',860),('Yanez','Des','Japanese','Agender','1986-05-31 05:38:32','15175 Becker Center','Duluth','Minnesota','36447','218-983-7655',861),('Ramalho','Lammond','Latin American Indian','Genderfluid','2003-01-09 20:59:51','75960 Londonderry Park','Grand Rapids','Michigan','49167','616-557-4606',862),('Gery','Cathlene','Panamanian','Non-binary','2001-05-19 21:31:34','80385 Sherman Way','Clearwater','Florida','34792','727-217-5225',863),('Mossdale','Nerti','Central American','Genderfluid','1972-04-21 22:54:01','919 Crescent Oaks Road','Albany','New York','69594','518-816-5381',864),('Reasce','Pattin','Asian','Bigender','1926-03-08 01:47:55','1 Goodland Pass','Arlington','Texas','48103','817-427-9114',865),('Baxstare','Curr','Argentinian','Non-binary','1921-09-13 14:21:53','9656 Truax Avenue','Raleigh','North Carolina','54469','919-399-0643',866),('Gaynesford','Albertine','South American','Agender','1927-03-10 11:41:05','4 Declaration Pass','Fort Lauderdale','Florida','50637','754-836-1141',867),('Jell','Avrit','Melanesian','Male','2017-10-12 08:51:33','505 Anhalt Terrace','Phoenix','Arizona','56243','480-639-2885',868),('Erley','Elwira','Ecuadorian','Non-binary','1954-03-28 08:19:03','2052 Dwight Lane','Memphis','Tennessee','46300','901-164-5176',869),('Vedyaev','Amata','Guatemalan','Female','1961-06-07 07:05:19','2 Thackeray Crossing','Lansing','Michigan','42259','517-188-0151',870),('Moxley','Jessalin','South American','Female','1944-05-23 23:27:48','3 Derek Terrace','Saint Louis','Missouri','49683','314-172-0279',871),('MacNalley','Louise','Choctaw','Male','2012-11-12 09:01:36','0 Delladonna Alley','Huntington','West Virginia','06380','304-934-4956',872),('Miskelly','Freeman','Tohono O\'Odham','Agender','2005-04-29 02:58:10','98715 Eagan Drive','Evansville','Indiana','31096','812-146-5531',873),('Mustin','Carrol','Asian Indian','Genderfluid','1933-09-16 22:36:26','6349 Iowa Drive','Corona','California','20218','951-958-1268',874),('Giannini','Aksel','Aleut','Agender','1985-04-20 09:46:23','48 Cambridge Junction','Washington','District of Columbia','63171','202-232-7131',875),('Leeuwerink','Jackie','Creek','Non-binary','1991-10-03 08:40:58','48 Pennsylvania Plaza','Atlanta','Georgia','48318','404-704-3028',876),('Rivers','Susanetta','Creek','Agender','2000-02-13 14:18:30','3445 Jenna Alley','Tacoma','Washington','92108','253-387-6774',877),('Folli','Tate','Laotian','Non-binary','1947-05-02 20:08:08','10771 Center Plaza','Petaluma','California','81996','707-936-4775',878),('Stoven','Manda','Seminole','Genderqueer','1930-03-14 21:16:51','0 Londonderry Way','Oklahoma City','Oklahoma','85130','405-248-0929',879),('Bowld','Arlen','Potawatomi','Genderqueer','1999-10-11 07:53:33','8 Montana Pass','Flint','Michigan','66924','810-851-1984',880),('Ferebee','Gideon','Paraguayan','Genderfluid','1961-04-16 14:26:31','9 Birchwood Court','Vero Beach','Florida','85949','772-549-3328',881),('Breadon','Bret','Houma','Polygender','1979-11-01 08:38:38','55801 Melody Hill','Santa Clara','California','04415','408-762-2715',882),('Orpyne','Hilliary','Ottawa','Female','1993-10-25 01:03:46','5 Granby Terrace','Omaha','Nebraska','16120','402-305-2143',883),('McGeouch','Candra','White','Genderqueer','1969-11-07 00:25:33','256 Dapin Hill','Charlotte','North Carolina','11200','704-465-3074',884),('Pepall','Morty','Korean','Agender','1921-09-30 20:43:47','7644 Northport Way','Omaha','Nebraska','67562','402-632-6974',885),('Royce','Lizette','Indonesian','Genderfluid','1972-05-19 15:11:15','2737 Blackbird Pass','Nashville','Tennessee','55521','615-425-0069',886),('Brumbye','Nathanial','Potawatomi','Agender','1949-05-30 08:31:42','05 Warbler Circle','Norwalk','Connecticut','61476','203-193-3098',887),('O\'Lennane','Delilah','Argentinian','Bigender','1989-09-23 08:17:53','92924 Boyd Terrace','Reston','Virginia','92217','703-517-1251',888),('Matley','Tanny','Comanche','Male','1934-12-22 22:14:23','03097 Sutteridge Hill','Jamaica','New York','92008','917-375-0657',889),('Upsale','Othella','Shoshone','Bigender','1937-06-14 10:12:08','04 Dennis Drive','Baton Rouge','Louisiana','97799','225-555-9944',890),('Alldridge','Leda','Panamanian','Male','1952-11-02 23:29:59','2 Sachtjen Lane','Sarasota','Florida','87183','941-281-4476',891),('Bamell','Philly','Seminole','Genderfluid','1953-05-25 04:48:56','1 Northfield Lane','Winston Salem','North Carolina','19412','336-370-1933',892),('Cabrer','Bord','Black or African American','Non-binary','1991-03-11 01:43:26','98157 Spenser Place','Mobile','Alabama','48868','251-148-2250',893),('Igglesden','Ruggiero','Comanche','Male','2014-07-25 14:09:12','88493 Prairieview Alley','Wilmington','Delaware','29836','302-702-8936',894),('Yokley','Barbee','Ecuadorian','Agender','1939-05-06 00:23:30','48872 Kropf Hill','Louisville','Kentucky','82127','502-119-0511',895),('Anfonsi','Eddi','Iroquois','Non-binary','2007-07-19 02:48:50','22 Dixon Crossing','Kansas City','Missouri','10142','816-578-5007',896),('Lewsey','Lezley','Melanesian','Non-binary','2011-01-13 10:44:05','7655 Corben Hill','Ogden','Utah','92031','801-137-8277',897),('Walkingshaw','Eugenio','Korean','Agender','1948-12-05 05:31:21','5 Schmedeman Road','Schenectady','New York','41586','518-367-7637',898),('Parnham','Jarad','Dominican (Dominican Republic)','Genderfluid','1940-12-03 12:36:23','05 Maple Circle','Toledo','Ohio','50528','419-532-0575',899),('Gell','Olenka','South American','Non-binary','2013-11-24 04:42:38','84235 Graedel Crossing','Wilmington','Delaware','60569','302-174-1096',900),('MacIlraith','Annabelle','Shoshone','Female','1923-07-11 22:35:14','00372 Karstens Parkway','Kansas City','Kansas','75208','913-561-8231',901),('Kasperski','Lynne','Laotian','Polygender','1958-08-19 07:00:57','6 Green Ridge Road','Boston','Massachusetts','03570','318-528-4914',902),('Sybe','Vinnie','Houma','Bigender','1994-02-12 16:39:30','49399 Westend Terrace','Santa Barbara','California','73517','702-248-4229',903),('Poultney','Kalina','Kiowa','Non-binary','1997-03-22 00:30:44','0609 Sloan Plaza','Los Angeles','California','38675','213-805-8908',904),('Coltart','Donnell','Cherokee','Genderfluid','1965-11-14 03:04:01','5339 Forest Run Terrace','San Jose','California','67742','408-839-4694',905),('Mallam','Lydia','Yuman','Genderfluid','2003-12-02 14:32:56','83 Holmberg Lane','New York City','New York','43503','212-586-1107',906),('Sneyd','Raddie','Mexican','Bigender','1955-02-23 00:25:00','53 Upham Avenue','Arlington','Texas','41218','214-123-4629',907),('Aberdein','Kacy','Salvadoran','Genderqueer','2015-08-23 19:38:44','22730 Daystar Pass','Harrisburg','Pennsylvania','06728','717-137-4762',908),('Sell','Alano','Puget Sound Salish','Genderqueer','1979-07-21 14:58:59','6136 Lawn Point','Saint Augustine','Florida','69192','904-870-0626',909),('Braithwaite','Frank','Salvadoran','Agender','1926-06-20 03:54:20','328 Corry Pass','Austin','Texas','95826','512-499-6863',910),('Swannack','Ricky','Peruvian','Male','1936-02-18 14:17:45','1097 Continental Street','North Hollywood','California','20254','213-304-8481',911),('Durrant','Sofie','Pakistani','Female','1984-01-18 10:36:09','84 Moulton Trail','Charlotte','North Carolina','79402','704-237-6439',912),('Callear','D\'arcy','Chinese','Bigender','1996-05-08 07:01:36','14 Stoughton Pass','Richmond','Virginia','20669','804-928-4365',913),('Vitte','Rudy','Creek','Male','1946-04-25 23:54:35','19958 Sunbrook Center','Rochester','New York','88858','585-193-2576',914),('Habbershon','Geralda','Puget Sound Salish','Polygender','1983-07-11 15:16:52','38094 Swallow Pass','Lafayette','Louisiana','04449','337-193-2335',915),('Croshaw','Martynne','Menominee','Polygender','1993-03-03 17:37:39','0112 Colorado Street','Dallas','Texas','93257','972-152-8033',916),('Treverton','Myrah','Peruvian','Genderfluid','1940-09-04 19:07:19','81 Badeau Drive','Dayton','Ohio','17214','937-907-6540',917),('Readmire','Hilly','South American','Female','1977-09-17 10:35:39','8 Helena Street','Cheyenne','Wyoming','33120','307-337-3153',918),('Yerill','Carney','Ottawa','Agender','1920-12-02 18:21:23','81 Emmet Hill','Colorado Springs','Colorado','84479','719-370-8229',919),('Le febre','Nevile','Chippewa','Bigender','1935-06-29 18:53:48','725 Washington Trail','San Antonio','Texas','27566','210-721-5823',920),('Freeberne','Gib','Osage','Genderqueer','1965-06-26 19:11:33','871 Manufacturers Point','Toledo','Ohio','78376','419-662-3588',921),('Foux','Leanor','Micronesian','Non-binary','2008-12-07 03:07:37','6 Del Sol Point','Jamaica','New York','43956','718-793-5446',922),('Scourfield','Levey','Peruvian','Non-binary','1925-07-29 15:02:39','7 Jackson Road','Alexandria','Virginia','47412','703-811-7674',923),('Debrett','Pat','Puerto Rican','Polygender','1923-03-13 12:08:56','5505 Hazelcrest Point','Virginia Beach','Virginia','96418','757-435-4933',924),('O\'Sesnane','Allsun','Paraguayan','Genderqueer','1969-04-28 02:44:14','1 Talisman Plaza','Waltham','Massachusetts','22245','978-561-2565',925),('Lorenzini','Silvanus','Aleut','Bigender','1997-03-30 03:22:02','123 Merry Road','Torrance','California','22262','818-291-5152',926),('Esilmon','Jemie','Blackfeet','Polygender','1985-10-06 17:08:11','7539 Kennedy Road','Salt Lake City','Utah','12416','801-994-0383',927),('Gonsalo','Burgess','White','Male','1983-11-24 17:55:59','3629 Shelley Point','Birmingham','Alabama','45049','205-313-1552',928),('Pudding','Barret','Tohono O\'Odham','Female','1983-05-12 09:28:47','0369 Thompson Alley','Carlsbad','California','18903','760-104-4856',929),('Scurr','Malchy','Ottawa','Female','1988-06-29 03:10:33','1222 Mesta Center','Laurel','Maryland','87160','301-595-2342',930),('Piell','Brady','Chilean','Male','1936-05-13 19:55:44','08563 Twin Pines Street','Ashburn','Virginia','89956','571-925-2532',931),('Moreing','Jaquenetta','Costa Rican','Agender','1933-08-12 03:01:09','49 Linden Lane','Silver Spring','Maryland','44659','240-991-8553',932),('Rulton','Sherwood','Cuban','Male','1952-08-08 01:56:43','861 Vermont Parkway','Minneapolis','Minnesota','59951','612-424-0986',933),('Bennet','Garrick','Spaniard','Non-binary','1989-03-21 17:56:36','23633 Eastwood Drive','Juneau','Alaska','03468','907-182-4617',934),('Beausang','Harriot','Osage','Male','1983-12-04 02:35:48','088 Sugar Trail','Spartanburg','South Carolina','51783','864-425-1533',935),('Bakewell','Eustace','Chickasaw','Polygender','1953-02-05 10:01:24','79813 6th Terrace','Amarillo','Texas','63635','806-300-1437',936),('Bertomier','Bernadette','Bangladeshi','Genderqueer','1934-06-30 07:22:55','209 Loomis Avenue','Montgomery','Alabama','44670','334-302-2209',937),('Kiley','Evaleen','Japanese','Agender','1993-07-28 03:19:57','9884 Hallows Crossing','Boca Raton','Florida','31605','561-116-1807',938),('Hatz','Beau','Sri Lankan','Polygender','1955-05-08 00:57:32','56012 Roth Pass','Minneapolis','Minnesota','39570','612-874-9594',939),('Boise','Amata','Asian','Male','1979-07-15 03:10:31','5411 Arkansas Drive','Washington','District of Columbia','62564','202-430-0716',940),('Balmer','Wells','Chilean','Genderqueer','1945-10-13 12:17:55','72086 Ludington Alley','Winston Salem','North Carolina','63835','704-185-1619',941),('Gheorghescu','Barclay','Tongan','Genderqueer','1948-10-29 05:28:58','49 Shoshone Center','Montgomery','Alabama','11358','334-360-3793',942),('Seiller','Martyn','Guatemalan','Agender','1998-03-18 22:40:48','397 Waxwing Way','Denver','Colorado','01289','303-604-2364',943),('Benditt','Caroljean','Blackfeet','Non-binary','1939-03-24 12:36:32','2362 Atwood Plaza','Houston','Texas','96930','281-713-1359',944),('Sprulls','Rosabel','Nicaraguan','Male','2000-03-08 17:52:55','33325 Florence Park','San Francisco','California','97796','415-530-9425',945),('Delgua','Chariot','Polynesian','Female','1945-02-08 10:57:00','4865 Lake View Road','Chandler','Arizona','44566','480-359-9548',946),('Braam','Godfry','Cree','Female','1974-07-29 06:53:41','0 Golden Leaf Alley','Miami','Florida','01504','305-321-4482',947),('Iacopo','Ambrosius','Polynesian','Non-binary','1997-12-28 06:51:38','14829 Algoma Terrace','Pensacola','Florida','69017','850-774-3730',948),('Fernyhough','Jaquelyn','Dominican (Dominican Republic)','Agender','1996-11-08 20:44:06','921 Kim Crossing','Irving','Texas','36463','817-785-6761',949),('Grieveson','Johnathan','Sioux','Genderqueer','1938-09-13 06:31:04','06653 Marquette Parkway','Huntington','West Virginia','09486','304-488-6026',950),('Priestley','Jaine','Polynesian','Female','1952-02-13 18:32:24','01 Katie Court','Tempe','Arizona','58868','602-498-3294',951),('Johanssen','Ardelis','Yakama','Female','1960-05-15 08:56:32','80499 Pine View Plaza','Waterbury','Connecticut','72921','203-540-2429',952),('Wadesworth','Weber','Pueblo','Male','1953-12-01 17:39:31','787 Sunbrook Parkway','Colorado Springs','Colorado','08393','719-263-0193',953),('Keeling','Austin','Mexican','Male','1935-11-29 15:20:44','13 Marquette Court','Sarasota','Florida','20713','941-314-7857',954),('Astles','Tedd','Kiowa','Genderfluid','1936-07-05 20:56:16','4957 Basil Park','Bethesda','Maryland','98913','301-798-2176',955),('Bonifazio','Wendel','American Indian and Alaska Native (AIAN)','Genderqueer','1923-01-27 18:28:41','01 Steensland Junction','High Point','North Carolina','21148','336-652-6624',956),('Seide','Maureen','Cambodian','Genderfluid','1953-12-27 16:56:27','42 Schurz Lane','Ann Arbor','Michigan','05312','734-985-1969',957),('Gidman','Agace','Filipino','Female','1944-11-14 16:27:29','746 Sachs Court','Sacramento','California','33265','916-761-9303',958),('Enderby','Hyatt','Paraguayan','Male','1997-03-08 14:38:39','9464 Summer Ridge Crossing','Alhambra','California','14447','626-654-7209',959),('Garms','Blondie','Chamorro','Bigender','1940-04-19 08:45:57','22304 Golf Avenue','Houston','Texas','67841','713-426-8400',960),('Perott','Kara-lynn','Pakistani','Genderqueer','1960-11-29 23:24:38','5 Sachs Crossing','Evansville','Indiana','24384','812-835-8194',961),('Payfoot','Saunder','Houma','Male','1932-04-05 17:55:41','928 Southridge Point','Orange','California','08632','858-201-7789',962),('Stoile','Eliot','Ecuadorian','Non-binary','1990-09-13 11:10:11','2493 Fisk Point','Houston','Texas','60240','713-196-3535',963),('Fullbrook','Ronda','Colville','Non-binary','1936-08-24 11:19:09','38 Thompson Center','Phoenix','Arizona','58523','602-493-0133',964),('Liquorish','Lark','Pima','Female','1977-10-11 14:23:13','1662 Westport Crossing','Long Beach','California','22666','562-256-1407',965),('Jobern','Ninon','Guatemalan','Genderfluid','1997-12-15 11:44:02','7 Glacier Hill Pass','Erie','Pennsylvania','64973','814-868-3322',966),('Janiak','Barri','Colville','Male','1950-09-04 18:54:05','6 Sauthoff Terrace','Pensacola','Florida','21462','850-715-6021',967),('Skeemer','Carlotta','South American','Bigender','1932-11-15 18:35:52','8 Lotheville Parkway','Birmingham','Alabama','45802','205-875-7539',968),('Duckit','Sidonnie','Panamanian','Agender','1950-05-30 01:52:13','068 Crowley Plaza','New York City','New York','30007','646-652-8654',969),('Dellenbrook','Ransom','Honduran','Bigender','1982-07-25 09:41:57','6 Washington Court','Baltimore','Maryland','79127','443-627-7963',970),('Alflatt','Elga','Chickasaw','Genderqueer','1941-06-25 09:46:16','47 Lighthouse Bay Drive','Baton Rouge','Louisiana','38802','225-235-3912',971),('Lowrie','Giraldo','Samoan','Bigender','2011-05-26 20:29:47','3 Blackbird Terrace','Saint Paul','Minnesota','06032','612-346-1633',972),('Edgars','Ruthann','Houma','Genderfluid','1973-03-10 20:18:55','6 Moulton Street','Terre Haute','Indiana','82089','812-250-6747',973),('Pringer','Kilian','Navajo','Bigender','2005-08-08 15:36:03','91423 Bartelt Junction','Laurel','Maryland','93051','202-626-6839',974),('McEvilly','Nedda','Crow','Agender','2017-06-24 18:31:07','55001 Fisk Park','Albany','New York','34221','518-601-3955',975),('Kubacki','Pall','Ute','Genderqueer','1927-02-14 15:00:53','302 Northland Parkway','Madison','Wisconsin','81167','608-757-6655',976),('Bennell','Quentin','Indonesian','Polygender','1954-09-25 20:43:04','710 Southridge Junction','Rockford','Illinois','72701','815-590-8228',977),('Roof','Farra','Native Hawaiian','Non-binary','1952-05-24 15:15:00','6 Prairieview Point','Pompano Beach','Florida','24893','561-303-2638',978),('Banisch','Ferdinand','Guatemalan','Male','1985-01-12 13:46:42','6704 Valley Edge Place','San Antonio','Texas','29527','210-362-9876',979),('Rudge','Ludovika','Ottawa','Male','1969-01-05 00:34:24','1149 Crowley Road','Washington','District of Columbia','37406','202-377-2010',980),('Stonard','Blondy','Sri Lankan','Genderqueer','1977-12-10 02:50:54','014 Reindahl Court','San Antonio','Texas','66682','210-869-7450',981),('Bothe','Tremaine','Bangladeshi','Polygender','1933-08-20 07:31:59','7 Maple Wood Avenue','Albany','New York','91453','518-439-1756',982),('Lemerie','Selinda','Lumbee','Genderqueer','1956-01-26 02:18:30','71 Swallow Lane','Syracuse','New York','15939','315-252-5642',983),('Speechley','Geri','Panamanian','Bigender','1998-11-23 04:23:09','009 Heath Junction','Jacksonville','Florida','30024','904-314-0951',984),('McClaughlin','Maurita','Malaysian','Female','1940-11-17 12:19:59','81694 Bashford Pass','Memphis','Tennessee','78223','901-274-8250',985),('Bloxland','Gilly','Navajo','Bigender','1940-02-10 22:27:01','68 High Crossing Avenue','Memphis','Tennessee','27055','901-887-2344',986),('Rodolf','Callida','Filipino','Genderqueer','2007-03-01 10:52:11','13762 Michigan Alley','Jersey City','New Jersey','09209','201-444-4610',987),('Mantrup','Bernete','Menominee','Agender','1995-10-01 09:55:03','516 Dorton Way','Worcester','Massachusetts','57672','508-471-3128',988),('Lothean','Adeline','Japanese','Female','1932-03-20 04:28:48','4008 Larry Parkway','Terre Haute','Indiana','83213','812-545-3395',989),('Ewings','Lauryn','Cree','Genderfluid','1989-05-16 07:19:38','5 Chive Road','Salt Lake City','Utah','15746','801-137-3989',990),('Pitherick','Jedidiah','Guamanian','Female','1961-04-02 04:05:27','273 Blaine Drive','Austin','Texas','25548','512-606-7847',991),('Hancell','Kaylee','Houma','Genderqueer','1998-04-08 06:48:38','01466 Mitchell Crossing','Tampa','Florida','11830','813-182-5927',992),('Skeath','Lester','Blackfeet','Agender','1971-02-27 15:37:43','7 Coleman Court','Young America','Minnesota','46100','952-516-3878',993),('Boeck','Fredi','Cambodian','Non-binary','2005-04-22 22:07:44','21118 Lakeland Way','Los Angeles','California','31472','562-128-6184',994),('Docwra','Janeta','Laotian','Genderfluid','1958-10-17 02:32:38','1142 Sauthoff Drive','Manassas','Virginia','65830','434-840-8260',995),('Baise','Sal','Micronesian','Male','1967-01-21 18:49:49','623 Upham Avenue','Saint Paul','Minnesota','12945','651-481-1728',996),('Cruce','Massimiliano','Guamanian','Agender','1971-03-31 06:34:23','785 Veith Avenue','Terre Haute','Indiana','55611','812-536-4609',997),('O\'Hallihane','Minette','Colombian','Male','1939-11-15 08:13:03','3017 Jackson Avenue','Erie','Pennsylvania','42586','814-831-7005',998),('Greatbanks','Gwyneth','Kiowa','Bigender','1927-09-01 01:11:33','20 Upham Trail','Trenton','New Jersey','45095','609-161-9244',999),('Rubinowitsch','Saba','Yaqui','Male','2002-01-18 21:19:57','49 Starling Court','Louisville','Kentucky','54823','502-818-4938',1000);
/*!40000 ALTER TABLE `Personal_Information` ENABLE KEYS */;
UNLOCK TABLES;

--
-- Table structure for table `State_Dep_Health`
--

DROP TABLE IF EXISTS `State_Dep_Health`;
/*!40101 SET @saved_cs_client     = @@character_set_client */;
/*!50503 SET character_set_client = utf8mb4 */;
CREATE TABLE `State_Dep_Health` (
  `state_dep_health_state_id` int NOT NULL AUTO_INCREMENT,
  `state_name` varchar(45) DEFAULT NULL,
  PRIMARY KEY (`state_dep_health_state_id`)
) ENGINE=InnoDB AUTO_INCREMENT=11 DEFAULT CHARSET=utf8mb4 COLLATE=utf8mb4_0900_ai_ci;
/*!40101 SET character_set_client = @saved_cs_client */;

--
-- Dumping data for table `State_Dep_Health`
--

LOCK TABLES `State_Dep_Health` WRITE;
/*!40000 ALTER TABLE `State_Dep_Health` DISABLE KEYS */;
INSERT INTO `State_Dep_Health` VALUES (1,'Louisiana'),(2,'Texas'),(3,'Colorado'),(4,'Washington'),(5,'Idaho'),(6,'Oregon'),(7,'Delaware'),(8,'California'),(9,'Tennessee'),(10,'New York');
/*!40000 ALTER TABLE `State_Dep_Health` ENABLE KEYS */;
UNLOCK TABLES;

--
-- Table structure for table `Supply`
--

DROP TABLE IF EXISTS `Supply`;
/*!40101 SET @saved_cs_client     = @@character_set_client */;
/*!50503 SET character_set_client = utf8mb4 */;
CREATE TABLE `Supply` (
  `supply_id` int NOT NULL AUTO_INCREMENT,
  `inventory` int DEFAULT NULL,
  `treatment_id` int DEFAULT NULL,
  `hospital_id` int NOT NULL,
  `state_dep_health_id` int NOT NULL,
  `item_id` int NOT NULL,
  PRIMARY KEY (`supply_id`),
  KEY `treatment_id_idx` (`treatment_id`),
  KEY `fk_supply_Hospitals1_idx` (`hospital_id`,`state_dep_health_id`),
  KEY `fk_Supply_Item_Description1_idx` (`item_id`),
  CONSTRAINT `fk_supply_Hospitals1` FOREIGN KEY (`hospital_id`, `state_dep_health_id`) REFERENCES `Hospitals` (`hospital_id`, `state_dep_health_state_id`),
  CONSTRAINT `fk_Supply_Item_Description1` FOREIGN KEY (`item_id`) REFERENCES `Item_Description` (`item_id`),
  CONSTRAINT `treatment_id` FOREIGN KEY (`treatment_id`) REFERENCES `Treatments` (`treatment_method_id`)
) ENGINE=InnoDB AUTO_INCREMENT=101 DEFAULT CHARSET=utf8mb4 COLLATE=utf8mb4_0900_ai_ci;
/*!40101 SET character_set_client = @saved_cs_client */;

--
-- Dumping data for table `Supply`
--

LOCK TABLES `Supply` WRITE;
/*!40000 ALTER TABLE `Supply` DISABLE KEYS */;
INSERT INTO `Supply` VALUES (1,208,46,7,3,41),(2,280,5,26,7,100),(3,252,134,34,2,52),(4,10,93,39,7,53),(5,391,81,42,7,80),(6,389,95,22,1,88),(7,83,16,35,5,13),(8,465,2,48,3,67),(9,323,111,49,5,83),(10,418,177,28,8,98),(11,82,91,46,1,77),(12,109,152,35,5,58),(13,417,149,44,7,54),(14,71,121,23,5,45),(15,251,13,35,5,86),(16,410,92,14,4,43),(17,422,35,2,9,87),(18,360,157,7,3,44),(19,385,99,22,1,62),(20,5,120,37,8,26),(21,272,102,12,2,17),(22,408,64,19,5,96),(23,462,141,33,6,17),(24,226,164,26,7,11),(25,385,191,35,5,93),(26,393,164,27,2,26),(27,180,31,12,2,44),(28,342,175,10,6,3),(29,264,131,18,7,92),(30,169,157,48,3,72),(31,151,115,32,5,89),(32,286,58,46,1,41),(33,238,158,39,7,15),(34,40,181,14,4,71),(35,495,131,49,5,78),(36,219,101,46,1,69),(37,482,108,12,2,69),(38,128,11,3,3,97),(39,358,112,29,5,90),(40,246,99,27,2,52),(41,463,168,42,7,47),(42,306,63,10,6,13),(43,357,81,3,3,54),(44,29,41,6,10,100),(45,407,52,36,9,26),(46,242,104,23,5,56),(47,154,141,50,1,13),(48,465,167,14,4,28),(49,24,195,33,6,27),(50,408,174,2,9,23),(51,489,162,40,6,47),(52,150,92,29,5,7),(53,157,19,28,8,68),(54,345,161,29,5,76),(55,448,167,31,8,54),(56,400,20,4,9,66),(57,41,104,3,3,38),(58,310,135,31,8,85),(59,278,134,23,5,36),(60,323,157,27,2,36),(61,305,20,15,10,60),(62,485,123,14,4,48),(63,396,116,50,1,38),(64,360,79,44,7,75),(65,487,15,21,4,22),(66,360,57,42,7,47),(67,470,12,35,5,80),(68,176,126,19,5,60),(69,50,199,35,5,66),(70,214,81,23,5,46),(71,365,89,38,7,12),(72,44,161,3,3,20),(73,181,195,23,5,76),(74,74,138,35,5,43),(75,144,27,9,3,47),(76,249,85,20,1,84),(77,206,127,6,10,52),(78,228,104,46,1,12),(79,100,142,43,7,56),(80,140,172,47,6,10),(81,233,158,25,1,27),(82,321,199,27,2,38),(83,82,195,25,1,15),(84,206,102,25,1,13),(85,380,12,41,2,73),(86,487,21,25,1,43),(87,93,4,4,9,64),(88,96,94,24,9,28),(89,430,152,8,2,87),(90,379,30,43,7,84),(91,428,62,28,8,64),(92,313,123,39,7,89),(93,191,168,48,3,2),(94,328,74,21,4,9),(95,71,8,36,9,60),(96,172,137,44,7,41),(97,107,91,9,3,31),(98,14,30,9,3,99),(99,461,83,37,8,26),(100,211,123,23,5,48);
/*!40000 ALTER TABLE `Supply` ENABLE KEYS */;
UNLOCK TABLES;

--
-- Table structure for table `Testing_Facilities`
--

DROP TABLE IF EXISTS `Testing_Facilities`;
/*!40101 SET @saved_cs_client     = @@character_set_client */;
/*!50503 SET character_set_client = utf8mb4 */;
CREATE TABLE `Testing_Facilities` (
  `facility_id` int NOT NULL AUTO_INCREMENT,
  `state_dep_health_state_id` int NOT NULL,
  `facility_name` varchar(45) DEFAULT NULL,
  PRIMARY KEY (`facility_id`,`state_dep_health_state_id`),
  KEY `fk_Testing Facilities_State_Dep_Health1_idx` (`state_dep_health_state_id`),
  CONSTRAINT `fk_Testing Facilities_State_Dep_Health1` FOREIGN KEY (`state_dep_health_state_id`) REFERENCES `State_Dep_Health` (`state_dep_health_state_id`)
) ENGINE=InnoDB AUTO_INCREMENT=76 DEFAULT CHARSET=utf8mb4 COLLATE=utf8mb4_0900_ai_ci;
/*!40101 SET character_set_client = @saved_cs_client */;

--
-- Dumping data for table `Testing_Facilities`
--

LOCK TABLES `Testing_Facilities` WRITE;
/*!40000 ALTER TABLE `Testing_Facilities` DISABLE KEYS */;
INSERT INTO `Testing_Facilities` VALUES (1,6,'Schultz facility'),(2,2,'Krajcik facility'),(3,9,'Stiedemann facility'),(4,3,'Cormier facility'),(5,1,'Leuschke facility'),(6,9,'Muller facility'),(7,7,'Von facility'),(8,10,'Thiel facility'),(9,7,'Willms facility'),(10,1,'Hirthe facility'),(11,5,'Hermiston facility'),(12,7,'Kessler facility'),(13,1,'White facility'),(14,2,'Howe facility'),(15,1,'Hahn facility'),(16,7,'Johns facility'),(17,6,'Moore facility'),(18,7,'Spencer facility'),(19,8,'Konopelski facility'),(20,8,'Stark facility'),(21,7,'Senger facility'),(22,3,'Rogahn facility'),(23,2,'Muller facility'),(24,1,'Heathcote facility'),(25,7,'Bergstrom facility'),(26,6,'Wisozk facility'),(27,2,'VonRueden facility'),(28,8,'Walter facility'),(29,2,'Schulist facility'),(30,5,'Tremblay facility'),(31,3,'Stracke facility'),(32,8,'Bernhard facility'),(33,6,'Ankunding facility'),(34,7,'Hudson facility'),(35,8,'Kris facility'),(36,8,'Johnston facility'),(37,2,'Schimmel facility'),(38,9,'Heller facility'),(39,1,'Schuster facility'),(40,7,'Runolfsdottir facility'),(41,10,'Paucek facility'),(42,7,'Kunde facility'),(43,2,'Larkin facility'),(44,3,'Thiel facility'),(45,5,'Kertzmann facility'),(46,3,'Russel facility'),(47,7,'Herman facility'),(48,3,'Bernier facility'),(49,1,'Thompson facility'),(50,5,'Kohler facility'),(51,6,'Schmitt facility'),(52,6,'Connelly facility'),(53,6,'Thiel facility'),(54,1,'Breitenberg facility'),(55,5,'Kunde facility'),(56,3,'Donnelly facility'),(57,7,'Bednar facility'),(58,3,'Konopelski facility'),(59,3,'Champlin facility'),(60,3,'Wiegand facility'),(61,7,'Bayer facility'),(62,7,'Homenick facility'),(63,1,'Dach facility'),(64,9,'Kirlin facility'),(65,5,'Cummings facility'),(66,9,'Abshire facility'),(67,1,'Hermiston facility'),(68,10,'Schamberger facility'),(69,7,'Runolfsdottir facility'),(70,4,'Stokes facility'),(71,4,'Terry facility'),(72,5,'Reichert facility'),(73,9,'Gutmann facility'),(74,7,'Nader facility'),(75,9,'Simonis facility');
/*!40000 ALTER TABLE `Testing_Facilities` ENABLE KEYS */;
UNLOCK TABLES;

--
-- Table structure for table `Tests`
--

DROP TABLE IF EXISTS `Tests`;
/*!40101 SET @saved_cs_client     = @@character_set_client */;
/*!50503 SET character_set_client = utf8mb4 */;
CREATE TABLE `Tests` (
  `test_id` int NOT NULL AUTO_INCREMENT,
  `facility_id` int NOT NULL,
  `state_dep_health_state_id` int NOT NULL,
  `lab_id` int NOT NULL,
  `test_date` datetime DEFAULT NULL,
  PRIMARY KEY (`test_id`,`facility_id`,`state_dep_health_state_id`,`lab_id`),
  KEY `fk_Testing_Facilities_has_Lab_Lab1_idx` (`lab_id`),
  KEY `fk_Testing_Facilities_has_Lab_Testing_Facilities1_idx` (`facility_id`,`state_dep_health_state_id`),
  CONSTRAINT `fk_Testing_Facilities_has_Lab_Lab1` FOREIGN KEY (`lab_id`) REFERENCES `Lab` (`lab_id`),
  CONSTRAINT `fk_Testing_Facilities_has_Lab_Testing_Facilities1` FOREIGN KEY (`facility_id`, `state_dep_health_state_id`) REFERENCES `Testing_Facilities` (`facility_id`, `state_dep_health_state_id`)
) ENGINE=InnoDB AUTO_INCREMENT=201 DEFAULT CHARSET=utf8mb4 COLLATE=utf8mb4_0900_ai_ci;
/*!40101 SET character_set_client = @saved_cs_client */;

--
-- Dumping data for table `Tests`
--

LOCK TABLES `Tests` WRITE;
/*!40000 ALTER TABLE `Tests` DISABLE KEYS */;
INSERT INTO `Tests` VALUES (1,53,6,19,'2020-06-09 18:48:30'),(2,19,8,25,'2020-05-12 21:38:46'),(3,17,6,36,'2020-04-01 02:18:05'),(4,50,5,35,'2020-06-19 14:05:28'),(5,24,1,35,'2020-08-12 15:27:33'),(6,58,3,9,'2020-07-09 06:07:00'),(7,7,7,26,'2020-10-12 04:26:18'),(8,71,4,40,'2020-03-26 11:50:05'),(9,73,9,36,'2020-10-17 02:23:34'),(10,37,2,9,'2020-04-13 14:20:49'),(11,10,1,30,'2020-07-12 09:57:10'),(12,29,2,34,'2020-04-06 09:18:27'),(13,64,9,27,'2020-06-08 05:06:10'),(14,19,8,3,'2020-08-13 21:35:56'),(15,40,7,38,'2020-04-21 10:27:01'),(16,29,2,26,'2020-07-13 22:49:46'),(17,46,3,33,'2020-08-03 15:09:30'),(18,41,10,28,'2020-10-04 14:05:15'),(19,27,2,26,'2020-08-15 06:47:28'),(20,21,7,2,'2020-07-30 16:46:57'),(21,69,7,9,'2020-08-30 23:08:49'),(22,16,7,35,'2020-09-21 03:43:48'),(23,17,6,32,'2020-05-04 23:32:53'),(24,74,7,29,'2020-03-24 19:58:24'),(25,26,6,8,'2020-04-19 05:42:04'),(26,45,5,9,'2020-03-18 15:47:52'),(27,2,2,24,'2020-07-05 21:08:21'),(28,48,3,8,'2020-07-20 20:15:02'),(29,71,4,31,'2020-05-24 16:57:00'),(30,17,6,18,'2020-04-24 17:48:09'),(31,31,3,25,'2020-04-03 09:36:27'),(32,67,1,35,'2020-08-03 16:21:13'),(33,39,1,28,'2020-05-12 07:42:08'),(34,36,8,3,'2020-07-09 04:24:17'),(35,61,7,15,'2020-09-06 01:33:58'),(36,52,6,30,'2020-07-15 05:14:54'),(37,12,7,23,'2020-08-22 11:23:46'),(38,8,10,34,'2020-09-29 08:24:53'),(39,4,3,3,'2020-05-02 00:28:10'),(40,31,3,12,'2020-06-02 20:00:07'),(41,30,5,15,'2020-03-17 01:49:02'),(42,63,1,6,'2020-07-20 14:34:37'),(43,58,3,21,'2020-10-13 02:10:01'),(44,38,9,29,'2020-05-21 18:56:32'),(45,26,6,38,'2020-08-18 12:24:20'),(46,10,1,8,'2020-03-22 01:58:10'),(47,5,1,10,'2020-03-21 15:00:56'),(48,67,1,5,'2020-08-31 18:13:36'),(49,2,2,30,'2020-09-21 09:48:14'),(50,63,1,36,'2020-09-29 13:11:11'),(51,69,7,19,'2020-10-12 11:18:40'),(52,43,2,15,'2020-08-01 15:26:10'),(53,20,8,33,'2020-07-14 07:51:52'),(54,2,2,6,'2020-08-25 11:47:31'),(55,28,8,35,'2020-07-05 09:21:21'),(56,4,3,17,'2020-08-01 02:54:06'),(57,42,7,31,'2020-04-11 19:35:12'),(58,69,7,18,'2020-07-29 15:10:56'),(59,43,2,1,'2020-10-17 16:49:29'),(60,68,10,3,'2020-10-05 20:39:16'),(61,63,1,4,'2020-07-24 20:37:50'),(62,15,1,35,'2020-06-01 01:33:53'),(63,40,7,3,'2020-08-18 23:32:31'),(64,26,6,4,'2020-06-15 04:38:36'),(65,9,7,9,'2020-09-16 15:20:43'),(66,9,7,32,'2020-10-19 00:33:41'),(67,28,8,23,'2020-06-12 02:31:30'),(68,52,6,32,'2020-08-23 04:44:11'),(69,20,8,1,'2020-07-27 04:38:41'),(70,2,2,10,'2020-03-27 23:13:28'),(71,17,6,20,'2020-04-25 18:16:34'),(72,19,8,1,'2020-05-07 03:11:05'),(73,62,7,34,'2020-04-25 10:41:06'),(74,17,6,32,'2020-05-25 07:13:37'),(75,23,2,26,'2020-09-21 12:52:04'),(76,67,1,25,'2020-07-12 23:22:36'),(77,70,4,30,'2020-04-26 07:26:22'),(78,33,6,38,'2020-08-01 06:10:57'),(79,15,1,20,'2020-10-15 22:35:29'),(80,29,2,24,'2020-06-26 09:26:36'),(81,7,7,35,'2020-05-23 03:56:55'),(82,63,1,19,'2020-04-23 16:28:15'),(83,36,8,30,'2020-07-20 06:54:10'),(84,22,3,39,'2020-10-07 10:33:53'),(85,1,6,3,'2020-04-01 09:08:59'),(86,44,3,3,'2020-07-20 09:59:27'),(87,73,9,39,'2020-07-21 02:04:36'),(88,41,10,20,'2020-06-13 18:35:32'),(89,37,2,22,'2020-08-20 11:01:55'),(90,49,1,36,'2020-04-14 04:43:26'),(91,51,6,39,'2020-09-25 15:27:35'),(92,23,2,12,'2020-09-23 19:46:21'),(93,9,7,33,'2020-09-28 10:57:50'),(94,75,9,37,'2020-10-09 13:40:01'),(95,73,9,21,'2020-09-30 09:29:12'),(96,45,5,15,'2020-09-25 18:02:48'),(97,30,5,30,'2020-04-15 14:51:09'),(98,51,6,34,'2020-09-03 02:57:03'),(99,70,4,3,'2020-07-02 07:01:57'),(100,35,8,6,'2020-10-08 00:27:58'),(101,65,5,20,'2020-08-07 21:07:07'),(102,68,10,12,'2020-09-28 13:21:23'),(103,68,10,12,'2020-07-07 16:36:30'),(104,5,1,39,'2020-07-24 13:37:11'),(105,23,2,3,'2020-07-01 17:23:53'),(106,46,3,29,'2020-10-15 16:51:11'),(107,40,7,17,'2020-04-01 02:59:51'),(108,22,3,28,'2020-03-22 00:35:35'),(109,55,5,36,'2020-08-25 04:05:51'),(110,45,5,27,'2020-08-19 05:13:07'),(111,36,8,39,'2020-10-07 03:35:15'),(112,7,7,9,'2020-04-07 14:39:59'),(113,13,1,21,'2020-06-28 19:42:49'),(114,38,9,18,'2020-08-13 06:12:33'),(115,39,1,9,'2020-07-03 06:31:27'),(116,26,6,14,'2020-04-17 11:42:10'),(117,39,1,26,'2020-09-24 16:15:06'),(118,58,3,29,'2020-03-29 20:30:37'),(119,10,1,30,'2020-07-15 06:33:20'),(120,49,1,30,'2020-04-07 22:14:52'),(121,63,1,18,'2020-10-18 04:36:52'),(122,62,7,10,'2020-07-16 09:13:23'),(123,71,4,37,'2020-03-18 10:42:42'),(124,64,9,4,'2020-06-28 08:32:17'),(125,21,7,27,'2020-07-12 19:13:02'),(126,31,3,39,'2020-10-21 16:36:38'),(127,41,10,16,'2020-08-02 03:49:53'),(128,10,1,21,'2020-07-31 13:09:53'),(129,60,3,27,'2020-07-20 06:23:05'),(130,45,5,28,'2020-05-14 18:06:28'),(131,59,3,39,'2020-03-18 20:26:11'),(132,15,1,30,'2020-10-08 15:06:30'),(133,6,9,22,'2020-10-19 16:14:41'),(134,26,6,39,'2020-10-02 17:41:01'),(135,32,8,13,'2020-09-20 01:40:21'),(136,41,10,25,'2020-08-07 00:44:32'),(137,14,2,13,'2020-09-25 11:52:41'),(138,33,6,36,'2020-06-13 20:07:13'),(139,75,9,27,'2020-10-13 06:17:47'),(140,30,5,40,'2020-04-19 00:57:51'),(141,48,3,9,'2020-06-23 12:58:35'),(142,46,3,36,'2020-07-23 19:33:52'),(143,63,1,29,'2020-05-15 00:09:11'),(144,26,6,20,'2020-05-15 16:10:52'),(145,72,5,37,'2020-07-07 08:16:16'),(146,14,2,36,'2020-05-10 20:23:19'),(147,59,3,24,'2020-06-22 05:56:34'),(148,75,9,10,'2020-07-22 07:41:21'),(149,34,7,27,'2020-06-14 03:41:02'),(150,69,7,7,'2020-07-30 08:55:10'),(151,1,6,27,'2020-03-31 01:57:01'),(152,19,8,20,'2020-06-28 07:38:28'),(153,11,5,30,'2020-06-14 01:36:58'),(154,57,7,16,'2020-09-15 22:22:11'),(155,30,5,5,'2020-07-22 07:13:29'),(156,41,10,36,'2020-05-16 19:03:14'),(157,56,3,8,'2020-08-24 11:36:05'),(158,13,1,15,'2020-08-30 03:18:34'),(159,47,7,35,'2020-05-21 07:57:02'),(160,41,10,18,'2020-10-17 02:19:41'),(161,3,9,18,'2020-06-03 19:10:44'),(162,42,7,15,'2020-07-31 17:31:51'),(163,36,8,26,'2020-04-26 12:56:04'),(164,37,2,31,'2020-08-03 19:59:53'),(165,2,2,3,'2020-09-08 04:48:00'),(166,31,3,17,'2020-10-16 01:51:13'),(167,57,7,30,'2020-09-30 23:35:33'),(168,36,8,24,'2020-09-05 05:34:09'),(169,40,7,9,'2020-08-28 10:38:18'),(170,4,3,27,'2020-07-13 11:10:14'),(171,75,9,32,'2020-08-06 13:17:02'),(172,62,7,27,'2020-04-12 12:54:31'),(173,19,8,1,'2020-08-24 08:40:47'),(174,73,9,15,'2020-03-27 13:07:06'),(175,38,9,15,'2020-05-31 22:29:43'),(176,35,8,35,'2020-08-06 15:16:06'),(177,30,5,28,'2020-04-26 15:35:19'),(178,9,7,1,'2020-08-06 13:29:28'),(179,32,8,20,'2020-09-30 19:15:59'),(180,17,6,21,'2020-06-27 16:54:47'),(181,45,5,34,'2020-09-30 05:01:08'),(182,31,3,1,'2020-07-29 07:35:29'),(183,3,9,12,'2020-03-27 19:08:56'),(184,3,9,29,'2020-08-11 05:43:55'),(185,59,3,5,'2020-05-11 20:03:03'),(186,28,8,30,'2020-05-08 16:31:56'),(187,61,7,11,'2020-05-27 23:20:50'),(188,48,3,19,'2020-10-07 21:34:32'),(189,75,9,13,'2020-07-21 03:04:00'),(190,34,7,29,'2020-07-13 18:07:00'),(191,4,3,9,'2020-07-29 07:54:35'),(192,40,7,28,'2020-10-14 16:57:24'),(193,56,3,15,'2020-09-14 01:36:40'),(194,19,8,8,'2020-07-07 07:43:31'),(195,22,3,9,'2020-07-05 06:14:48'),(196,74,7,2,'2020-04-04 09:36:15'),(197,23,2,28,'2020-06-10 19:11:30'),(198,75,9,20,'2020-04-06 06:44:46'),(199,31,3,29,'2020-08-23 05:59:11'),(200,51,6,8,'2020-08-15 16:07:40');
/*!40000 ALTER TABLE `Tests` ENABLE KEYS */;
UNLOCK TABLES;

--
-- Table structure for table `Treatments`
--

DROP TABLE IF EXISTS `Treatments`;
/*!40101 SET @saved_cs_client     = @@character_set_client */;
/*!50503 SET character_set_client = utf8mb4 */;
CREATE TABLE `Treatments` (
  `treatment_method_id` int NOT NULL AUTO_INCREMENT,
  `treatment_name` varchar(100) DEFAULT NULL,
  PRIMARY KEY (`treatment_method_id`)
) ENGINE=InnoDB AUTO_INCREMENT=201 DEFAULT CHARSET=utf8mb4 COLLATE=utf8mb4_0900_ai_ci;
/*!40101 SET character_set_client = @saved_cs_client */;

--
-- Dumping data for table `Treatments`
--

LOCK TABLES `Treatments` WRITE;
/*!40000 ALTER TABLE `Treatments` DISABLE KEYS */;
INSERT INTO `Treatments` VALUES (1,'Methylprednisolone Acetate'),(2,'SHISEIDO SHEER AND PERFECT FOUNDATION'),(3,'cold'),(4,'ReCreate Foundation'),(5,'Antibacterial Hand Sanitizer'),(6,'Olanzapine'),(7,'DOCEFREZ'),(8,'Warfarin Sodium'),(9,'Bayberry'),(10,'PhytoGel'),(11,'ADVATE'),(12,'Venlafaxine Hydrochloride'),(13,'Acetaminophen and Codeine Phosphate'),(14,'Hongo Killer'),(15,'Deb Med Antimicrobial Foaming Hand Wash Fresh Grapefruit'),(16,'Morphine Sulfate'),(17,'BANANA BOAT'),(18,'Zolpidem Tartrate'),(19,'Bayer Genuine Aspirin'),(20,'Neomycin and Polymyxin B Sulfates and Hydrocortisone'),(21,'QUERCUS AGRIFOLIA POLLEN'),(22,'Everyday Sunscreen Broad Spectrum SPF 50'),(23,'Methylprednisolone Sodium Succinate'),(24,'Tolterodine Tartrate'),(25,'ESIKA Extreme Moisturizing SPF 16'),(26,'Ibuprofen'),(27,'Savella'),(28,'Mometasone Furoate'),(29,'Ibuprofen'),(30,'FENTANYL'),(31,'Nu Skin Tri-Phasic White Day Milk Broad Spectrum SPF 15'),(32,'Diorskin Nude Natural Glow Makeup 050 Dark Beige'),(33,'TOPCARE MEDICATED CLEANSING PADS'),(34,'LORTUSS LQ'),(35,'Acyclovir'),(36,'Ropinirole Hydrochloride'),(37,'Mucus Relief DM Max'),(38,'LUXIQ'),(39,'Niaspan'),(40,'Topiramate'),(41,'Meteoric Iron Prunus'),(42,'Cardizem LA'),(43,'Fluoxetine Hydrochloride'),(44,'Lisinopril and Hydrochlorothiazide'),(45,'procure'),(46,'Chlordiazepoxide Hydrochloride and Clidinium Bromide'),(47,'aspirin'),(48,'Australian Gold'),(49,'Promethazine Hydrochloride'),(50,'Carboxymethylcellulose sodium'),(51,'Clonidine Hydrochloride'),(52,'Reserpine'),(53,'ELCURE AC-LEX Serum'),(54,'Cimicifuga Racemosa Kit Refill'),(55,'Disney Monsters University Antiseptic Hand Cleansing Grape Scented'),(56,'Direct Safety Aspirin Free'),(57,'FANAPT'),(58,'ANTI-AGING SUNSCREEN BROAD SPECTRUM SPF 30'),(59,'Lyme'),(60,'US Favorite Hot Pain Relieving'),(61,'CHELIDONIUM MAJUS'),(62,'FEMALE BALANCE'),(63,'Dovonex'),(64,'Nitrofurantion Macrocrystals'),(65,'Diltiazem Hydrochloride'),(66,'Berberis Larix'),(67,'PREPARATION H COOLING GEL'),(68,'Noble 1 Plus'),(69,'Haloperidol'),(70,'LBEL LEDERM 45plus Jour'),(71,'Health Mart Iodine Tincture Mild'),(72,'Labetalol Hydrochloride'),(73,'GMC Medical'),(74,'Carvedilol'),(75,'Renewing Antioxidant Treatment SPF 6'),(76,'METROGEL'),(77,'ESSENTIAL SOLUTION CAVIAR MASK SHEET'),(78,'IOPE SS'),(79,'Arthritic - Joint Care'),(80,'cold relief'),(81,'aspirin'),(82,'LBEL COULEUR LUXE AMPLIFIER XP'),(83,'pain relief'),(84,'Valtrum Soothing Topical Analgesic'),(85,'naproxen sodium'),(86,'Risperidone'),(87,'Enalapril Maleate and Hydrochlorothiazide'),(88,'Hydrochlorothiazide'),(89,'Valsartan and Hydrochlorothiazide'),(90,'Monistat 7 Combination Pack'),(91,'Clean and Clear'),(92,'Allergy Relief'),(93,'Terbinafine Hydrochloride'),(94,'Acne Medication 5'),(95,'Ramipril'),(96,'Suntan Lotion'),(97,'Doxycycline'),(98,'Treatment Set TS331579'),(99,'temazepam'),(100,'Ulta Vanilla Sugar Anti-Bacterial Deep Cleansing'),(101,'SkinMedica TNS Ultimate Daily Moisturizer Sunscreen SPF 20'),(102,'Cough and Cold HBP'),(103,'Meprobamate'),(104,'Galantamine'),(105,'Greasewood'),(106,'Benazepril Hydrochloride'),(107,'Linzess'),(108,'Cuprum aceticum Nicotiana'),(109,'ZOMIG ZMT'),(110,'CARBAMAZEPINE'),(111,'Lisinopril'),(112,'OLEA EUROPAEA POLLEN'),(113,'Frankincense and Myrrh Carpal Tunnel'),(114,'BareMinerals Fair Matte'),(115,'Nighttime Sleep Aid'),(116,'Childrens Ibuprofen'),(117,'Pure petroleum'),(118,'Colgate Cavity Protection'),(119,'XtraCare Foam Antibacterial Hand Wash'),(120,'GRANIX'),(121,'Banana Boat Baby Tear Free Lotion SPF 50'),(122,'topcare flu and severe cold and cough'),(123,'Adult Glycerin Laxative'),(124,'Cutivate'),(125,'PRAMIPEXOLE DIHYDROCHLORIDE'),(126,'Mens Kirkland'),(127,'Amoxicillin'),(128,'Suphedrine PE'),(129,'Krystexxa'),(130,'Zolpidem Tartrate'),(131,'Somatuline Depot'),(132,'FreAmine III'),(133,'ANTIBACTERIAL'),(134,'RYTHMOL'),(135,'hydrocodone bitartrate and acetaminophen'),(136,'PRAMIPEXOLE DIHYDROCHLORIDE'),(137,'Diabenex HP'),(138,'Dawn Ultra Antibacterial Hand'),(139,'Ranitidine'),(140,'Quetiapine Fumarate'),(141,'Allopurinol'),(142,'Melatonin'),(143,'Pediatric Cough and Cold Medicine'),(144,'Phenazopyridine Hydrochloride'),(145,'Indomethacin'),(146,'Eastern Cottonwood'),(147,'Musk Marine'),(148,'Propylthiouracil'),(149,'Pravastatin Sodium'),(150,'Rocky Mountain Juniper'),(151,'butalbital, acetaminophen and caffeine'),(152,'MESNA'),(153,'MOIST MOISTURE EYE'),(154,'Tussin Cough'),(155,'STUDIO FIX FLUID SPF 15 BROAD SPECTRUM'),(156,'Doxycycline'),(157,'Amoxicillin and Clavulanate Potassium'),(158,'INSOMNIA RELIEF'),(159,'Antispetic'),(160,'Bensal HP'),(161,'Smarth'),(162,'VP-PNV-DHA'),(163,'Nicotine'),(164,'Mountain Cedar'),(165,'Equaline nighttime cold'),(166,'oxycodone hydrochloride'),(167,'Childrens mucus relief multi-symptom cold'),(168,'Oxygen'),(169,'ESIKA HYDRACOLOR 2 IN 1 HIGHLY MOISTURIZING AND COLORING SPF 25'),(170,'Classic Care'),(171,'Pramipexole'),(172,'antacid plus gas relief'),(173,'VANIQA'),(174,'Rough Pigweed'),(175,'Hydrocodone Bitartrate and Acetaminophen'),(176,'Smooth Brome'),(177,'Caduet'),(178,'Crest Complete Multi-Benefit'),(179,'Folic Acid'),(180,'Bayer'),(181,'Acne and Blemish Target'),(182,'Paroxetine'),(183,'GAMMAGARD S/D'),(184,'amoxicillin and clavulanate potassium'),(185,'DR.G DEWRINKLE FORTIFIER'),(186,'Tyramine'),(187,'Warfarin Sodium'),(188,'Amikacin Sulfate'),(189,'Desert Essence Mineral Sunscreen SPF 35'),(190,'ARNICA MONTANA (WHOLE PLANT)'),(191,'Quetiapine Fumarate'),(192,'Sunmark womans laxative'),(193,'Degree'),(194,'Lorazepam'),(195,'Shopko Hydrocortisone Intensive Healing Formula'),(196,'Olivene'),(197,'Duetact'),(198,'Antibacterial Foam'),(199,'Boscia BB SPF 27 PA'),(200,'Dog Hair');
/*!40000 ALTER TABLE `Treatments` ENABLE KEYS */;
UNLOCK TABLES;
/*!40103 SET TIME_ZONE=@OLD_TIME_ZONE */;

/*!40101 SET SQL_MODE=@OLD_SQL_MODE */;
/*!40014 SET FOREIGN_KEY_CHECKS=@OLD_FOREIGN_KEY_CHECKS */;
/*!40014 SET UNIQUE_CHECKS=@OLD_UNIQUE_CHECKS */;
/*!40101 SET CHARACTER_SET_CLIENT=@OLD_CHARACTER_SET_CLIENT */;
/*!40101 SET CHARACTER_SET_RESULTS=@OLD_CHARACTER_SET_RESULTS */;
/*!40101 SET COLLATION_CONNECTION=@OLD_COLLATION_CONNECTION */;
/*!40111 SET SQL_NOTES=@OLD_SQL_NOTES */;

-- Dump completed on 2021-06-09 17:13:44
